22,99,12,20,48,45,8,9,24,2,31,51,1,47,7,77,54,41,6,3,71,34,44,11,78,43,38,4,23,15,21,16,42,10,19,17,5,14,-1,-1
-1.0,-1.0,-1.0,-1.0,-1.0,-1.0,-1.0,-1.0,-1.0,-1.0,-1.0,-1.0,-1.0,-1.0,-1.0,-1.0,-1.0,-1.0,-1.0,-1.0,-1.0,-1.0,-1.0,-1.0,-1.0,-1.0,-1.0,-1.0,-1.0,-1.0,-1.0,-1.0,-1.0,-1.0,-1.0,-1.0,-1.0,-1.0,-1.0,-1.0
34.296,33.676,34.256,33.8,34.112,33.797,34.117,34.033,34.237,34.412,34.12,33.58,33.934,33.706,33.537,33.573,33.517,33.875,33.917,34.142,33.637,34.218,33.955,33.866,33.488,33.657,34.438,34.241,33.865,33.69,34.031,33.695,33.597,34.185,33.323,34.012,34.2,34.077,-1.0,-1.0
30.897,31.148,30.653,31.008,30.929,30.889,31.015,31.037,30.921,31.02,31.03,31.159,31.007,31.247,31.247,31.577,31.146,31.21,31.203,30.823,31.214,30.658,31.131,31.292,31.38,31.458,31.09,30.697,30.965,31.439,30.946,31.257,31.38,31.032,31.167,31.066,30.758,30.854,-1.0,-1.0
30.6,31.231,30.541,30.792,30.875,30.776,30.813,30.817,30.703,30.719,30.792,31.035,30.875,31.443,30.67,31.107,31.171,30.809,30.821,30.525,31.323,30.563,31.119,30.925,31.155,31.152,30.541,30.524,30.844,31.194,30.796,31.718,30.975,30.805,31.122,30.747,30.502,30.504,-1.0,-1.0
30.578,30.53,30.525,31.039,30.785,31.08,31.104,30.991,30.608,30.545,31.017,30.639,30.973,31.271,30.941,31.379,30.687,31.005,30.944,30.511,30.7,30.523,30.995,30.861,30.908,30.941,30.551,30.482,30.963,31.332,30.809,31.264,31.002,31.096,30.725,31.069,30.524,30.529,-1.0,-1.0
30.478,31.347,30.47,30.893,30.529,30.884,30.949,30.588,30.487,30.488,30.565,30.573,30.555,31.05,30.884,30.99,30.697,31.134,30.646,30.524,31.106,30.427,31.136,31.104,30.728,30.582,30.48,30.716,30.726,31.224,30.508,31.554,30.574,30.94,30.489,30.917,30.359,30.516,-1.0,-1.0
30.648,31.021,30.522,31.009,30.529,31.028,30.882,30.373,30.693,30.661,30.3,30.763,30.411,30.371,31.032,30.592,30.674,31.267,30.645,30.538,30.968,30.531,31.146,31.092,30.661,30.703,30.63,30.48,30.617,30.794,30.576,30.81,30.631,31.275,30.6,30.948,30.522,30.538,-1.0,-1.0
30.562,30.683,30.583,30.553,30.448,30.781,30.498,30.384,30.436,30.526,30.463,30.954,30.412,30.528,30.876,30.701,30.847,30.743,30.542,30.531,31.039,30.564,30.928,30.863,30.932,31.004,30.595,30.543,30.488,30.257,30.436,30.947,30.534,30.762,31.0,30.513,30.565,30.628,-1.0,-1.0
30.521,30.954,30.671,30.62,30.682,30.722,30.459,30.725,30.602,30.53,30.772,30.798,30.725,30.732,30.758,30.953,30.822,31.243,30.399,30.672,31.071,30.673,30.718,30.681,30.95,30.935,30.507,30.702,30.42,31.027,30.692,30.932,30.795,30.623,30.704,30.597,30.663,30.57,-1.0,-1.0
30.797,30.788,30.714,30.329,30.529,30.489,30.422,30.537,30.765,30.81,30.599,30.516,30.429,30.864,30.84,30.984,30.713,30.746,30.467,30.9,30.881,30.72,31.026,30.747,30.706,30.61,30.835,30.819,30.483,30.936,30.615,30.882,30.993,30.352,30.613,30.432,30.734,30.83,-1.0,-1.0
30.65,30.28,30.73,30.332,30.81,30.436,30.391,30.838,30.72,30.607,30.649,30.53,30.649,30.624,30.645,30.842,30.687,30.8,30.675,30.727,30.862,30.695,30.927,30.796,30.947,30.779,30.945,30.714,30.717,31.008,30.761,30.973,30.664,30.316,30.614,30.291,30.718,30.598,-1.0,-1.0
30.762,30.498,30.767,30.936,30.896,30.598,30.733,30.823,30.951,30.819,30.828,30.552,30.831,30.462,30.55,30.476,30.696,30.961,30.86,30.751,30.723,30.765,30.993,30.895,30.66,30.669,30.906,30.695,30.739,30.747,30.93,31.077,30.428,30.652,30.556,30.87,30.778,30.738,-1.0,-1.0
30.72,30.528,30.789,30.621,30.649,30.477,31.053,30.914,30.616,30.676,31.047,30.466,30.681,30.776,30.475,31.147,30.531,30.739,30.876,30.709,30.933,30.789,30.922,30.861,30.84,30.463,30.754,30.784,30.993,30.828,30.623,30.923,30.743,30.881,30.389,30.828,30.798,30.704,-1.0,-1.0
30.893,30.333,30.904,30.769,30.818,30.783,31.043,30.67,30.791,30.894,30.737,30.716,30.867,30.478,30.461,30.996,30.373,30.858,30.615,31.192,31.023,30.887,30.778,30.708,31.004,30.612,30.925,30.871,30.555,30.884,31.088,30.713,30.477,31.232,30.648,31.041,30.89,31.007,-1.0,-1.0
30.861,30.839,30.974,30.767,31.11,30.691,30.741,30.868,30.891,30.881,30.89,30.946,30.883,30.667,30.751,30.772,30.832,31.077,30.781,31.237,30.596,30.999,31.028,30.929,30.963,30.685,31.033,30.972,30.864,30.923,30.932,30.895,30.635,30.919,30.673,30.837,30.967,30.848,-1.0,-1.0
31.085,31.185,31.042,31.083,30.668,31.182,31.059,31.156,30.787,31.066,31.032,30.88,30.909,30.722,30.958,30.946,30.752,31.393,31.213,30.815,30.619,31.021,30.892,30.684,30.946,30.683,30.8,31.097,31.188,30.807,30.849,30.798,30.925,31.098,30.764,31.002,31.048,31.118,-1.0,-1.0
30.964,30.903,30.986,30.93,31.065,31.198,31.287,30.828,31.207,30.979,30.763,31.096,30.907,30.985,31.253,30.777,30.784,32.017,30.871,31.13,30.66,30.976,30.814,31.183,30.8,30.97,31.132,30.941,30.811,30.916,31.056,31.048,31.15,31.075,31.048,31.408,30.985,30.942,-1.0,-1.0
30.886,31.299,31.012,30.914,30.715,31.204,30.758,31.252,30.816,30.884,30.973,30.985,30.903,31.309,31.125,30.376,30.905,31.325,30.97,30.983,30.594,31.037,31.433,31.183,30.973,30.943,30.993,30.998,30.956,30.755,31.119,31.125,31.304,31.222,30.806,31.181,31.011,30.919,-1.0,-1.0
31.049,31.273,31.018,31.044,30.871,30.985,30.945,30.874,30.9,30.88,30.899,30.728,30.562,30.97,31.012,30.432,30.781,31.187,31.021,31.035,30.756,31.039,31.187,30.947,30.926,30.99,31.013,30.822,30.918,30.798,31.011,31.007,31.061,31.09,30.918,31.034,31.079,30.977,-1.0,-1.0
30.752,30.671,30.953,31.247,30.779,30.791,31.551,30.735,31.113,30.893,31.023,31.1,31.161,30.673,30.773,30.769,30.746,31.615,30.775,31.062,30.59,30.921,31.538,31.449,31.117,30.905,30.847,31.157,30.849,32.007,30.798,30.978,31.077,30.685,30.752,30.727,31.018,31.815,-1.0,-1.0
30.965,30.837,30.935,31.059,30.814,30.917,30.775,30.817,30.911,31.112,31.399,30.959,30.667,30.802,30.893,30.744,31.299,31.681,31.418,30.917,30.782,30.943,31.139,31.585,30.916,31.069,30.996,30.863,31.514,32.08,30.899,31.519,30.974,30.962,31.098,30.927,30.884,31.328,-1.0,-1.0
30.877,31.057,30.894,31.309,30.896,31.049,31.425,30.953,30.753,30.843,30.825,31.284,31.016,30.976,31.051,31.011,30.731,31.386,31.133,31.249,31.174,30.853,31.318,31.132,30.923,30.845,31.036,30.901,30.873,31.469,30.786,31.213,31.104,31.606,30.963,31.413,30.894,31.071,-1.0,-1.0
30.953,30.988,30.941,31.169,31.014,30.898,30.873,30.481,30.903,30.853,30.832,30.892,30.789,31.117,30.916,30.862,30.89,31.402,31.009,30.662,31.171,30.924,31.293,31.037,31.037,30.885,30.655,30.957,30.953,30.975,30.632,31.047,30.863,31.15,30.952,31.18,30.969,30.953,-1.0,-1.0
30.865,30.955,30.878,31.031,30.825,30.76,31.107,30.796,30.916,30.837,30.664,30.827,31.045,30.965,30.847,31.088,30.952,31.414,30.749,30.927,31.155,30.942,31.329,30.954,30.952,30.934,31.106,30.834,30.683,31.007,30.756,30.954,31.06,31.233,30.767,31.197,30.839,30.648,-1.0,-1.0
30.839,30.732,30.809,30.697,30.887,30.839,30.806,31.05,30.956,30.856,30.815,30.748,30.977,30.736,30.851,30.923,30.547,31.486,30.88,31.157,30.891,30.829,31.404,30.994,31.016,30.76,30.909,30.819,30.764,31.273,30.956,30.951,30.708,31.04,30.72,30.702,30.798,30.948,-1.0,-1.0
30.874,30.757,30.814,30.695,30.678,30.899,30.645,30.864,30.709,30.868,30.904,30.977,30.929,30.752,30.902,31.063,31.046,31.48,30.9,30.881,31.039,30.799,31.491,31.378,30.949,30.797,30.905,30.824,31.068,31.079,30.909,30.956,30.718,30.823,31.022,30.809,30.822,30.827,-1.0,-1.0
30.85,30.907,30.802,30.743,30.766,30.906,30.957,30.735,30.795,30.743,31.038,30.968,30.643,30.832,30.878,30.762,30.791,31.331,31.025,31.046,30.661,30.81,31.545,31.094,31.066,30.774,30.949,30.724,31.327,31.14,30.891,30.958,30.726,30.75,30.72,30.656,30.905,30.891,-1.0,-1.0
30.839,31.105,30.758,30.929,30.927,30.922,30.98,30.704,30.916,30.674,30.604,30.922,30.721,30.968,31.303,30.854,30.8,31.31,30.807,30.964,30.875,30.818,31.615,30.906,31.082,30.933,30.641,30.871,30.781,31.111,31.006,30.92,30.828,30.871,30.893,31.24,30.582,30.765,-1.0,-1.0
30.592,30.762,30.672,30.762,30.769,31.1,30.852,30.807,30.573,30.658,30.712,30.97,30.711,30.803,31.039,30.996,30.802,31.501,30.936,30.636,31.028,30.654,31.854,30.955,31.042,30.825,31.018,30.841,30.94,31.335,30.814,30.903,31.204,30.963,30.795,31.201,30.668,30.659,-1.0,-1.0
30.722,30.971,30.922,30.778,30.696,30.882,31.32,30.611,30.646,30.785,30.686,30.988,30.648,30.809,31.061,31.185,30.619,31.457,30.758,30.731,30.89,30.918,31.515,30.84,30.965,30.853,30.786,31.419,30.783,31.081,30.626,30.81,30.987,31.011,30.644,31.029,30.903,30.901,-1.0,-1.0
30.949,30.67,30.809,30.701,30.894,30.75,30.687,30.69,30.932,30.795,30.757,30.634,30.735,30.549,30.802,31.368,30.852,31.47,30.839,30.858,30.972,31.096,31.395,30.808,30.955,30.843,30.885,31.019,30.821,31.18,31.165,30.78,30.649,30.937,30.836,30.734,30.84,30.797,-1.0,-1.0
30.87,30.828,30.654,30.772,30.801,30.956,30.822,30.867,30.975,30.603,30.878,30.854,30.872,30.766,30.74,30.775,30.759,31.359,31.299,31.256,30.777,30.978,31.376,30.846,31.025,30.989,30.735,30.703,30.827,31.226,30.801,30.753,30.891,30.69,30.687,30.732,30.814,30.807,-1.0,-1.0
30.839,30.663,30.872,30.667,30.911,30.892,30.681,30.91,30.773,30.853,30.909,31.035,31.424,30.634,30.744,30.866,30.907,31.355,30.911,30.855,30.67,30.812,31.337,30.849,31.048,30.739,30.947,31.115,30.598,31.19,30.943,30.678,30.701,30.723,30.971,30.857,30.881,30.939,-1.0,-1.0
31.05,30.688,30.85,31.039,30.606,30.988,30.952,30.98,30.752,30.855,30.789,30.902,30.646,30.856,31.013,30.783,30.764,31.312,30.736,30.935,30.662,30.837,31.338,30.835,31.094,31.03,31.143,30.789,31.056,31.46,30.924,30.807,30.844,30.61,30.771,30.729,30.792,30.858,-1.0,-1.0
30.588,30.748,30.818,30.956,30.808,31.006,30.709,30.809,30.712,30.876,31.106,30.641,30.582,30.503,30.617,30.608,30.899,31.242,30.954,30.853,30.971,30.871,31.304,30.75,31.024,31.011,31.265,31.027,30.832,31.307,30.936,30.825,30.908,30.659,30.81,30.488,30.78,30.737,-1.0,-1.0
31.056,30.593,30.883,30.717,31.085,30.848,30.73,30.826,30.73,30.903,30.454,30.515,31.028,30.607,30.776,30.748,30.672,31.282,30.959,30.746,31.017,31.251,31.283,30.815,31.06,31.366,30.692,30.512,30.888,31.255,30.532,30.931,30.739,30.829,30.649,30.811,30.867,30.748,-1.0,-1.0
30.787,30.637,30.927,30.697,31.099,30.836,30.452,30.873,30.927,30.944,31.111,30.601,30.796,30.581,31.035,31.041,30.835,31.285,30.896,30.917,30.894,30.857,31.28,30.748,31.273,30.952,31.021,30.951,30.799,31.416,30.83,30.905,30.774,30.721,30.878,30.798,30.949,30.793,-1.0,-1.0
30.639,30.857,30.948,30.968,30.729,30.679,30.659,30.992,30.956,30.902,30.755,30.898,30.809,30.735,30.792,30.923,30.769,31.333,30.74,30.76,31.106,30.728,31.263,30.857,30.885,31.07,31.089,30.717,30.874,31.569,30.712,30.781,30.935,30.92,30.86,30.681,30.9,30.952,-1.0,-1.0
31.128,30.661,30.817,30.82,30.912,30.79,30.79,30.899,30.78,30.853,30.69,30.747,30.973,30.867,30.738,30.811,30.678,31.171,30.73,30.682,30.754,31.002,31.261,30.763,30.886,30.951,30.639,30.936,30.793,31.461,31.043,30.73,30.619,30.672,30.975,30.774,30.838,30.969,-1.0,-1.0
30.811,30.713,30.953,30.913,30.726,30.643,30.798,30.792,30.979,30.909,31.203,30.687,30.882,30.912,30.693,30.713,31.161,31.278,30.732,30.826,30.537,30.999,31.301,30.692,30.884,31.021,30.752,31.489,30.665,31.545,31.09,30.679,30.698,30.895,30.953,30.639,30.934,30.972,-1.0,-1.0
30.909,31.164,30.837,30.874,30.891,30.796,30.706,30.727,30.873,30.909,30.555,30.796,30.601,30.893,30.851,30.498,30.904,31.34,30.715,31.051,30.818,30.851,31.351,30.854,31.235,31.01,31.149,30.955,31.064,31.566,30.755,30.732,30.739,30.587,30.909,30.847,30.906,30.835,-1.0,-1.0
31.064,30.977,30.974,31.125,30.96,30.696,31.031,30.979,30.973,30.921,30.905,30.942,31.012,30.828,30.839,30.56,30.665,31.265,31.177,30.942,30.389,30.943,31.379,30.904,31.087,30.822,30.852,30.98,31.081,31.65,30.684,30.738,30.907,30.803,31.092,30.943,30.939,30.652,-1.0,-1.0
30.865,30.856,30.88,31.11,30.747,31.003,31.066,30.866,30.896,30.998,30.973,30.652,30.875,30.686,31.009,30.887,30.821,31.377,30.995,30.661,30.769,31.041,31.211,30.851,30.948,30.702,30.625,30.809,30.814,31.657,30.791,30.752,30.949,30.918,30.741,30.959,30.859,30.754,-1.0,-1.0
30.923,30.645,31.242,30.916,31.122,30.508,30.46,31.024,31.202,31.132,31.083,30.814,31.068,30.658,30.751,31.208,31.001,31.292,30.564,31.086,30.997,30.939,31.245,30.954,30.941,31.03,30.94,30.795,30.748,31.729,31.056,30.781,31.283,30.943,30.894,31.059,31.092,30.976,-1.0,-1.0
31.219,30.83,30.958,30.671,31.188,30.995,30.888,30.924,31.222,30.94,31.094,31.063,30.889,31.147,30.638,31.035,31.078,31.209,30.764,31.03,30.994,31.132,31.165,30.914,30.926,30.979,30.883,31.49,31.193,31.656,30.825,30.757,31.425,30.908,30.922,30.809,31.107,30.954,-1.0,-1.0
30.972,31.007,30.99,30.979,30.962,30.929,30.836,30.931,31.119,30.985,31.124,31.094,30.957,31.086,30.903,30.647,30.987,31.124,31.359,31.117,30.868,31.225,31.135,30.931,30.929,30.938,31.035,30.829,31.224,31.62,31.105,30.677,31.229,30.672,31.005,30.78,30.993,30.96,-1.0,-1.0
30.961,31.02,31.006,30.771,30.994,30.882,30.905,30.992,30.806,31.001,31.063,30.695,31.007,30.906,31.106,30.734,30.968,31.318,31.215,31.218,31.039,31.217,31.379,30.971,30.972,31.119,30.925,30.98,31.179,31.749,31.195,30.658,30.905,31.175,30.993,31.251,31.009,31.038,-1.0,-1.0
31.012,30.942,30.919,30.947,30.887,30.902,31.033,30.958,31.007,30.936,31.198,31.021,30.945,30.798,30.855,30.923,30.785,31.644,31.008,30.968,30.891,31.058,31.597,30.986,30.965,30.987,30.994,31.217,31.34,31.676,30.888,30.589,30.758,31.055,30.884,31.03,30.925,30.708,-1.0,-1.0
30.85,31.048,30.815,31.161,31.031,30.894,30.965,30.827,31.14,30.862,31.006,30.762,30.792,30.758,30.871,31.173,30.885,31.659,30.801,30.977,31.198,31.014,31.626,30.97,30.971,30.983,30.946,30.602,31.625,31.625,31.072,30.578,30.897,30.841,30.826,31.2,30.842,30.816,-1.0,-1.0
31.097,30.701,30.959,30.738,30.96,30.895,30.991,31.003,30.941,30.99,30.998,30.89,31.144,30.816,30.736,31.42,30.798,31.192,30.651,30.833,31.236,30.946,31.249,30.922,30.858,30.908,31.049,30.977,31.493,31.855,30.752,30.86,31.215,30.542,30.82,30.702,31.016,30.867,-1.0,-1.0
31.042,30.969,31.14,30.956,30.91,31.026,30.882,31.087,31.089,31.062,31.028,30.901,31.104,31.029,31.058,31.345,30.965,31.305,30.909,31.006,30.716,31.053,31.297,30.821,30.779,31.105,30.705,31.127,31.843,31.149,31.11,31.29,30.674,30.871,30.919,30.838,31.046,31.117,-1.0,-1.0
30.974,30.775,30.714,30.858,30.912,30.902,31.02,30.778,30.924,30.631,30.94,31.018,31.142,30.907,30.787,30.468,31.112,31.289,30.985,30.914,30.625,30.92,31.269,30.801,30.884,30.873,30.702,30.82,31.568,31.355,31.035,30.909,30.86,31.045,30.995,30.894,30.755,31.089,-1.0,-1.0
30.361,30.764,30.416,30.753,30.325,30.759,30.598,30.48,30.607,30.433,31.051,31.018,30.762,30.527,30.749,30.749,30.967,31.285,30.837,31.178,30.715,31.076,31.289,30.92,30.881,30.969,31.093,30.76,31.158,31.195,30.716,30.82,30.799,30.834,30.748,30.905,30.401,31.196,-1.0,-1.0
30.462,30.902,30.576,31.226,30.675,31.135,31.198,30.564,30.607,30.581,31.117,30.919,30.582,30.288,31.109,30.667,30.522,31.29,31.001,31.065,30.963,30.73,31.286,30.876,30.835,30.926,31.213,30.629,30.911,31.406,30.533,30.857,30.689,30.934,30.532,30.805,30.604,30.952,-1.0,-1.0
30.307,30.833,30.422,30.675,30.345,30.569,30.752,30.605,30.456,30.482,30.877,30.488,30.286,30.558,30.778,30.978,30.468,31.3,31.174,30.894,30.865,30.728,31.286,30.779,30.823,30.729,30.832,30.43,30.932,31.291,30.741,30.683,30.766,31.333,30.46,31.385,30.374,30.734,-1.0,-1.0
30.631,30.641,30.599,30.639,30.533,30.71,30.873,30.675,30.407,30.519,30.913,30.547,30.492,30.422,30.816,30.726,30.476,33.778,30.667,30.669,30.91,30.752,33.909,30.825,30.937,30.905,30.732,30.679,30.785,34.33,30.843,30.537,31.194,30.801,30.493,31.181,30.583,30.66,-1.0,-1.0
38.823,43.838,37.837,44.754,38.61,44.312,45.611,40.948,41.272,38.168,47.298,43.333,40.055,39.3,46.818,52.059,41.862,53.747,49.635,47.921,50.571,44.317,54.196,60.554,61.079,53.351,45.799,43.124,56.201,54.969,42.411,52.518,51.452,49.933,41.491,50.754,-1.0,-1.0,-1.0,-1.0
91.27,90.137,90.582,90.662,90.985,89.939,89.441,90.621,90.721,90.704,89.379,89.644,91.004,91.213,89.329,86.999,90.511,70.163,88.103,89.315,87.621,89.949,70.131,80.675,80.431,86.265,88.93,89.945,82.834,69.601,90.255,86.578,87.138,87.897,90.512,87.495,-1.0,-1.0,-1.0,-1.0
99.889,100.557,99.935,100.673,100.087,100.655,100.302,100.305,100.33,99.957,99.648,100.683,99.761,99.913,101.723,101.73,100.26,99.034,101.126,101.283,101.392,99.835,99.594,99.205,99.372,101.516,99.806,100.576,101.888,99.082,100.467,101.753,101.583,101.145,100.349,101.356,-1.0,-1.0,-1.0,-1.0
100.162,99.63,99.787,99.403,99.83,99.562,99.261,100.467,100.067,99.804,99.446,99.686,100.658,100.462,98.932,98.877,99.854,99.067,98.625,98.728,98.424,99.505,98.403,98.817,98.733,98.822,99.646,99.796,98.382,99.231,99.683,98.631,98.732,98.643,99.93,98.534,-1.0,-1.0,-1.0,-1.0
99.797,101.679,100.57,101.398,100.217,101.712,101.792,99.5,99.821,100.371,101.323,100.792,99.534,99.692,101.011,99.453,100.385,98.784,100.606,100.797,100.31,101.441,98.768,99.014,99.123,99.692,101.852,100.812,99.74,98.286,100.747,99.691,99.68,100.402,100.097,100.064,-1.0,-1.0,-1.0,-1.0
99.481,98.647,99.667,99.121,99.213,98.636,98.87,99.857,99.982,99.676,99.335,98.965,100.166,99.708,99.034,100.634,99.693,101.785,99.982,99.342,100.137,98.797,101.629,101.733,101.59,100.513,98.451,98.911,100.971,102.053,99.205,100.557,100.439,99.867,99.686,100.259,-1.0,-1.0,-1.0,-1.0
104.894,104.785,104.405,104.472,104.944,104.643,104.877,105.146,104.958,104.683,104.335,104.888,104.727,104.569,104.286,103.495,105.156,101.507,103.544,103.798,103.712,104.47,102.01,101.508,101.486,102.816,104.818,105.029,102.232,102.293,105.107,103.002,103.604,103.868,105.249,103.942,-1.0,-1.0,-1.0,-1.0
124.113,121.822,108.626,104.181,108.272,122.073,104.868,106.249,105.932,108.375,104.142,105.65,122.615,122.177,103.988,122.214,120.357,104.22,146.183,104.131,104.187,105.655,87.012,122.622,88.288,138.347,104.766,122.584,104.167,124.455,121.055,123.628,135.534,121.549,121.42,103.764,-1.0,-1.0,-1.0,-1.0
88.086,94.657,102.663,114.393,98.183,94.499,106.21,107.655,103.712,100.277,114.713,113.588,91.332,85.154,121.684,93.063,91.374,115.498,79.045,124.851,115.546,114.019,102.755,92.84,153.279,80.901,108.474,90.74,132.668,133.296,92.138,92.46,84.177,94.044,91.786,123.363,-1.0,-1.0,-1.0,-1.0
95.627,89.602,97.624,88.499,99.603,89.468,92.638,93.801,95.731,98.603,88.477,89.126,93.737,98.001,87.534,88.471,94.014,87.36,87.46,86.376,88.553,89.117,119.504,88.583,70.788,87.901,91.994,93.191,75.001,65.277,93.356,88.405,87.943,88.181,93.794,91.685,-1.0,-1.0,-1.0,-1.0
100.029,101.985,100.274,105.368,99.69,101.92,100.941,100.616,100.048,100.265,102.394,102.602,100.103,100.372,101.732,102.858,100.104,101.759,108.043,101.72,102.638,102.794,101.818,101.726,117.997,111.076,101.215,100.744,101.558,87.821,100.362,112.743,103.097,103.101,113.859,100.439,-1.0,-1.0,-1.0,-1.0
94.573,87.643,95.319,83.304,97.116,87.354,89.543,91.598,93.708,96.211,84.009,86.44,92.815,95.821,78.883,82.963,92.187,77.446,73.349,76.593,80.383,85.443,74.93,81.881,58.487,72.462,88.813,90.097,75.739,73.528,90.877,73.74,79.779,84.688,79.843,72.318,-1.0,-1.0,-1.0,-1.0
33.997,33.971,33.989,33.152,34.138,33.775,33.889,33.951,33.922,33.969,33.88,34.005,33.959,34.098,33.689,34.225,33.982,34.084,33.096,33.887,34.171,33.806,33.805,33.867,33.008,33.04,33.978,33.999,33.616,33.684,33.908,33.338,33.779,34.163,33.287,33.715,-1.0,-1.0,-1.0,-1.0
30.696,30.823,30.753,30.791,30.647,30.857,30.752,30.635,30.72,30.744,31.044,31.033,30.656,30.682,30.969,31.236,30.648,30.917,31.108,31.234,31.248,30.875,31.792,31.105,31.259,31.107,30.777,30.726,30.828,31.336,30.676,31.664,30.916,30.953,30.804,30.817,-1.0,-1.0,-1.0,-1.0
30.961,30.543,30.85,30.516,30.92,30.886,30.972,30.999,30.974,30.904,30.569,30.469,30.994,30.933,30.635,30.888,30.969,30.862,30.999,30.665,30.838,30.646,30.839,30.628,30.687,30.475,30.685,30.973,30.594,31.005,30.897,30.708,30.543,30.397,30.496,30.554,-1.0,-1.0,-1.0,-1.0
30.83,30.815,30.798,31.02,30.82,30.952,30.925,30.836,30.71,30.671,31.07,30.614,30.808,30.861,30.678,30.995,30.704,30.709,30.555,30.718,30.961,30.654,30.726,30.978,30.968,30.711,30.774,30.922,30.938,30.911,30.853,30.704,31.198,31.091,31.044,30.931,-1.0,-1.0,-1.0,-1.0
30.738,30.866,30.582,30.686,30.786,30.766,30.748,30.8,30.84,30.645,30.554,30.602,30.836,30.69,30.829,31.029,30.931,30.917,30.946,30.945,30.801,30.98,30.876,31.009,30.807,30.778,30.978,31.012,30.523,30.848,30.866,30.777,30.939,30.698,30.653,30.838,-1.0,-1.0,-1.0,-1.0
30.651,30.837,30.639,30.479,30.555,30.823,30.8,30.738,30.609,30.68,30.891,31.072,30.627,30.693,30.791,31.004,30.632,30.517,30.803,30.552,30.591,30.889,31.122,31.873,31.115,30.59,30.781,30.761,30.825,31.084,30.554,30.989,30.727,30.762,30.505,30.745,-1.0,-1.0,-1.0,-1.0
30.522,30.148,30.516,30.716,30.571,30.578,30.31,30.416,30.662,30.467,30.906,30.551,30.588,30.553,30.915,30.557,30.43,30.787,30.337,30.934,30.813,30.511,30.729,30.68,30.758,30.627,30.288,30.681,31.105,30.735,30.843,30.98,30.944,30.554,30.518,30.728,-1.0,-1.0,-1.0,-1.0
30.844,30.616,30.554,30.557,30.568,30.589,30.663,30.741,30.539,30.534,30.431,30.626,30.602,30.56,30.369,30.946,30.842,30.661,30.978,30.638,30.805,30.581,30.927,30.843,30.705,30.81,30.697,30.676,30.438,30.754,30.672,30.528,30.91,30.761,30.51,30.768,-1.0,-1.0,-1.0,-1.0
30.701,30.561,30.709,30.73,30.681,30.546,30.573,30.579,30.574,30.691,30.655,30.522,30.497,30.857,30.64,30.564,30.769,30.73,30.449,30.308,30.72,30.588,30.766,31.018,30.88,30.73,30.548,30.621,30.681,30.754,30.836,30.959,30.483,30.551,30.546,30.742,-1.0,-1.0,-1.0,-1.0
30.866,30.599,30.708,30.88,30.778,30.826,30.617,30.559,30.582,30.738,30.846,30.687,30.584,30.735,30.891,30.651,30.885,30.618,30.55,30.535,30.674,30.783,31.084,30.733,30.985,30.488,30.856,31.009,30.558,30.691,30.567,30.672,30.943,30.874,30.871,30.438,-1.0,-1.0,-1.0,-1.0
30.683,30.827,30.807,30.891,30.803,30.594,30.642,30.872,30.773,30.846,30.638,30.616,30.776,30.815,30.781,30.869,30.766,31.392,30.786,30.943,30.961,30.737,30.819,30.85,30.667,30.816,30.759,30.915,31.012,30.533,30.605,30.444,31.117,30.551,30.51,30.841,-1.0,-1.0,-1.0,-1.0
30.717,30.628,30.601,30.58,30.546,30.833,30.684,30.589,30.745,30.566,30.73,30.746,30.626,30.534,30.925,30.483,30.846,30.642,30.562,30.74,30.527,30.684,30.803,30.716,30.8,30.695,30.77,30.465,30.516,30.767,31.245,30.544,30.655,30.763,30.697,30.613,-1.0,-1.0,-1.0,-1.0
30.526,30.61,30.632,30.564,30.599,30.5,30.591,30.622,30.552,30.657,30.803,30.659,30.722,30.726,30.697,30.599,30.44,30.973,30.989,30.816,30.714,30.857,30.87,30.735,30.789,31.098,30.493,31.697,30.423,30.941,30.563,30.68,30.749,30.694,30.365,30.807,-1.0,-1.0,-1.0,-1.0
30.638,30.521,30.656,30.537,30.567,30.681,30.482,30.603,30.558,30.629,30.562,30.4,30.406,30.487,30.48,30.684,30.736,31.223,30.66,30.49,30.899,30.614,30.865,30.707,30.495,30.415,30.684,31.129,30.551,30.685,30.581,30.662,30.709,30.605,30.719,30.522,-1.0,-1.0,-1.0,-1.0
30.715,30.794,30.886,30.615,30.881,30.594,30.739,30.807,30.857,30.801,30.536,30.811,30.861,30.782,30.956,30.196,30.502,31.103,30.275,30.357,30.445,30.663,30.871,30.96,30.974,30.42,30.599,31.522,30.559,31.12,30.586,30.894,30.667,30.554,30.669,30.487,-1.0,-1.0,-1.0,-1.0
30.889,30.939,30.923,30.408,30.918,30.935,30.929,30.865,30.906,30.935,30.652,30.823,30.931,30.927,30.68,30.823,30.893,30.862,30.678,30.647,30.535,30.882,30.716,30.986,30.964,30.69,30.914,30.716,30.974,31.052,30.682,30.447,30.558,30.696,30.802,30.458,-1.0,-1.0,-1.0,-1.0
31.021,31.019,31.022,31.016,31.008,31.022,31.017,31.02,30.997,30.984,31.466,31.02,31.002,31.019,30.94,30.697,31.002,30.673,30.684,31.319,30.725,31.332,30.693,30.954,31.256,30.604,30.958,30.632,30.886,31.193,30.829,30.381,30.46,30.956,30.976,30.843,-1.0,-1.0,-1.0,-1.0
30.912,30.924,30.913,30.935,30.929,30.872,30.905,30.904,30.945,30.978,30.827,30.914,30.937,30.912,30.918,30.593,30.899,30.631,30.626,30.927,31.009,30.781,31.029,30.734,30.943,30.904,30.913,30.698,30.769,30.831,30.966,30.748,31.015,30.763,31.003,30.916,-1.0,-1.0,-1.0,-1.0
31.032,30.989,30.99,30.981,30.986,31.095,31.02,31.044,30.996,30.985,31.023,31.026,31.003,31.015,30.899,30.72,31.031,30.839,30.748,31.033,30.981,30.966,30.835,30.706,30.833,30.995,31.057,30.724,30.879,30.877,31.066,31.008,30.757,31.015,31.128,31.086,-1.0,-1.0,-1.0,-1.0
31.098,31.07,31.108,31.123,31.092,31.019,31.109,31.044,31.079,31.092,31.027,31.081,31.087,31.063,31.008,31.156,31.117,30.845,31.092,31.039,31.03,31.151,30.86,30.629,30.733,31.044,31.068,31.03,31.111,30.674,31.083,30.996,30.961,31.072,30.997,31.12,-1.0,-1.0,-1.0,-1.0
31.045,31.059,31.08,31.045,31.094,31.125,31.052,31.079,31.076,31.043,31.193,31.093,31.061,31.013,31.138,30.981,31.069,30.965,31.041,31.162,31.036,31.438,30.857,30.889,30.804,31.107,31.133,30.9,31.055,30.639,31.078,30.983,31.212,31.096,31.117,30.919,-1.0,-1.0,-1.0,-1.0
31.227,31.22,31.161,31.328,31.148,31.352,31.204,31.21,31.194,31.215,31.087,31.177,31.188,31.241,31.044,31.094,31.139,30.996,31.109,31.083,31.241,31.007,30.725,30.886,30.848,31.093,31.166,31.041,31.289,30.774,31.158,31.008,30.97,31.361,31.183,31.129,-1.0,-1.0,-1.0,-1.0
31.105,31.139,31.187,31.224,31.208,31.055,31.078,31.105,31.169,31.211,31.207,31.125,31.162,31.188,31.195,31.312,31.181,31.125,31.141,31.241,31.215,31.173,30.778,31.079,30.595,30.992,31.1,31.211,31.028,31.038,31.167,31.271,31.273,31.125,31.067,31.253,-1.0,-1.0,-1.0,-1.0
31.296,31.211,31.229,31.172,31.23,31.214,31.293,31.294,31.223,31.199,30.991,31.266,31.216,31.188,31.217,31.32,31.236,30.955,31.34,31.178,31.118,31.267,31.003,31.108,31.254,31.299,31.287,31.174,31.17,31.166,31.22,31.112,30.912,31.231,31.217,31.147,-1.0,-1.0,-1.0,-1.0
31.092,31.161,31.101,31.319,31.088,31.229,31.085,31.075,31.111,31.103,31.163,31.099,31.139,31.157,31.32,31.282,31.247,31.258,31.293,31.394,31.234,31.304,31.317,31.412,31.252,31.136,31.14,31.321,31.145,31.347,31.42,31.308,31.41,31.373,30.976,31.475,-1.0,-1.0,-1.0,-1.0
31.188,31.178,31.227,31.146,31.22,31.15,31.178,31.207,31.175,31.234,31.389,31.222,31.214,31.173,31.349,31.285,31.371,31.327,31.069,31.333,31.258,31.343,31.308,31.245,31.351,31.103,31.168,31.323,31.057,31.305,31.133,31.138,31.315,31.372,31.228,31.247,-1.0,-1.0,-1.0,-1.0
31.235,31.206,31.177,30.963,31.178,31.123,31.271,31.219,31.229,31.19,31.22,31.242,31.19,31.221,30.91,30.873,31.14,31.25,31.051,30.98,31.044,31.012,31.354,31.415,31.343,31.092,31.208,31.282,31.203,31.381,31.132,31.163,30.999,31.012,31.226,30.754,-1.0,-1.0,-1.0,-1.0
31.345,31.277,31.297,31.166,31.31,31.252,31.226,31.387,31.278,31.292,31.125,31.182,31.277,31.274,31.146,31.297,31.108,31.08,31.189,31.051,31.18,31.274,31.236,31.137,31.266,30.948,31.316,31.237,31.286,31.218,31.342,31.01,31.405,31.267,31.169,31.369,-1.0,-1.0,-1.0,-1.0
31.486,31.347,31.319,31.576,31.321,31.355,31.525,31.462,31.361,31.316,31.527,31.306,31.338,31.354,31.567,31.578,31.378,31.331,31.497,31.59,31.54,31.403,31.09,31.032,30.98,31.41,31.546,31.084,31.503,31.003,31.238,31.398,31.601,31.552,31.36,31.482,-1.0,-1.0,-1.0,-1.0
31.15,31.384,31.277,31.139,31.258,31.294,31.229,31.169,31.238,31.288,31.083,31.21,31.26,31.381,31.096,31.361,31.329,31.432,31.259,31.473,31.366,31.397,31.451,31.51,31.536,31.113,31.244,31.502,31.338,31.502,31.343,31.349,31.28,31.35,31.357,31.166,-1.0,-1.0,-1.0,-1.0
31.371,31.388,31.315,31.364,31.329,31.412,31.446,31.237,31.305,31.315,31.385,31.143,31.308,31.212,31.321,31.204,31.38,31.236,31.325,31.071,31.263,31.183,31.161,31.243,31.281,31.385,31.459,31.256,31.328,31.283,31.43,31.142,31.246,31.157,31.33,31.218,-1.0,-1.0,-1.0,-1.0
31.222,31.152,31.252,31.336,31.254,31.16,31.057,31.233,31.266,31.267,31.336,31.321,31.242,31.191,31.389,31.626,31.258,31.4,31.332,31.386,31.39,31.43,31.383,31.233,31.272,31.193,30.995,31.3,31.199,31.264,31.326,31.867,31.357,31.541,31.07,31.351,-1.0,-1.0,-1.0,-1.0
31.238,31.053,31.142,31.165,31.146,31.221,31.354,31.384,31.16,31.157,31.102,31.362,31.161,31.182,31.055,31.306,31.227,31.249,31.196,30.823,30.91,31.091,31.4,31.452,31.406,31.291,31.319,31.34,31.17,31.347,31.289,31.084,31.306,31.177,30.96,31.132,-1.0,-1.0,-1.0,-1.0
31.278,31.208,31.219,31.241,31.21,31.217,31.193,31.055,31.207,31.174,31.221,31.239,31.224,31.195,31.241,31.19,31.122,31.159,30.99,31.104,30.891,31.17,31.136,31.097,31.206,31.23,31.07,31.201,31.168,31.251,31.236,30.807,31.014,30.925,31.213,30.98,-1.0,-1.0,-1.0,-1.0
31.203,31.265,31.315,31.22,31.322,31.243,31.238,31.141,31.307,31.327,31.087,31.341,31.299,31.269,31.197,31.437,31.409,31.026,31.293,31.132,31.41,31.171,31.11,31.095,31.021,31.204,31.323,30.977,31.309,31.015,31.231,31.369,31.213,31.299,31.32,31.322,-1.0,-1.0,-1.0,-1.0
31.339,31.377,31.335,31.332,31.341,31.299,31.347,31.413,31.327,31.321,31.365,31.372,31.355,31.337,31.262,31.303,31.327,31.24,31.409,31.382,31.212,31.359,31.181,31.086,31.094,31.359,31.381,31.178,31.263,31.078,31.326,31.364,31.173,31.373,31.374,31.413,-1.0,-1.0,-1.0,-1.0
31.354,31.397,31.366,31.471,31.372,31.057,31.459,31.337,31.377,31.399,31.536,31.346,31.331,31.424,31.525,31.471,31.302,31.327,31.302,31.48,31.36,31.551,31.168,31.359,31.268,31.029,31.508,31.28,31.319,31.341,31.387,31.326,31.498,31.416,31.383,31.433,-1.0,-1.0,-1.0,-1.0
31.215,31.207,31.216,31.116,31.206,31.321,31.247,31.222,31.221,31.192,31.106,31.181,31.247,31.208,31.211,31.48,31.333,31.379,31.236,31.076,31.308,31.227,31.463,31.402,31.501,31.247,31.314,31.264,31.304,31.445,31.197,31.312,31.167,31.128,31.201,31.068,-1.0,-1.0,-1.0,-1.0
31.247,31.244,31.249,31.356,31.241,31.164,31.244,31.239,31.238,31.269,31.364,31.268,31.253,31.24,31.268,31.385,31.335,31.028,31.176,31.188,31.41,31.066,31.35,31.389,31.355,31.29,31.216,31.404,31.19,31.387,31.323,31.42,31.191,31.108,31.243,31.151,-1.0,-1.0,-1.0,-1.0
31.207,31.268,31.26,31.196,31.267,31.229,31.374,31.307,31.285,31.269,31.219,31.285,31.261,31.299,31.231,31.27,31.224,31.357,31.332,31.437,31.301,31.418,31.311,31.25,31.234,31.24,31.219,31.252,31.245,31.254,31.179,31.356,31.282,31.49,31.287,31.335,-1.0,-1.0,-1.0,-1.0
31.293,31.248,31.299,31.275,31.292,31.333,31.162,31.205,31.268,31.296,31.275,31.264,31.294,31.258,31.23,31.226,31.31,31.165,31.177,31.22,31.2,31.177,31.195,31.23,31.302,31.224,31.137,31.221,31.343,31.307,31.344,31.292,31.178,31.094,31.26,31.206,-1.0,-1.0,-1.0,-1.0
31.372,31.352,31.312,31.533,31.318,31.345,31.336,31.315,31.322,31.251,31.406,31.296,31.314,31.327,31.424,31.275,31.611,31.35,31.232,31.332,31.288,31.476,31.217,31.265,31.133,31.363,31.542,31.011,31.459,31.085,31.534,31.321,31.247,31.342,31.28,31.375,-1.0,-1.0,-1.0,-1.0
31.342,31.385,31.407,30.962,31.408,31.356,31.371,31.443,31.394,31.424,31.036,31.391,31.388,31.407,31.397,31.354,31.455,31.425,31.355,31.615,31.359,31.335,31.422,31.429,31.491,31.402,31.344,31.482,31.211,31.523,31.597,31.363,31.274,31.398,31.397,31.285,-1.0,-1.0,-1.0,-1.0
31.451,31.416,31.462,31.468,31.45,31.38,31.48,31.408,31.453,31.502,31.456,31.478,31.464,31.421,31.36,31.503,31.405,31.361,31.538,31.427,31.39,31.365,31.366,31.408,31.42,31.378,31.471,31.66,31.428,31.343,31.343,31.403,31.309,31.388,31.521,31.456,-1.0,-1.0,-1.0,-1.0
31.295,31.331,31.23,31.358,31.235,31.382,31.242,31.363,31.287,31.172,31.343,31.265,31.293,31.306,31.389,31.382,31.295,31.287,31.221,31.06,31.429,31.466,31.624,31.424,31.473,31.374,31.331,31.308,31.358,31.545,31.365,31.182,31.227,31.229,31.218,31.275,-1.0,-1.0,-1.0,-1.0
31.385,31.368,31.396,31.389,31.41,31.38,31.392,31.367,31.388,31.442,31.446,31.356,31.369,31.366,31.349,31.289,31.293,31.39,31.353,31.36,31.24,31.305,31.298,31.349,31.336,31.359,31.377,31.237,31.4,31.297,31.219,31.228,31.222,31.448,31.363,31.389,-1.0,-1.0,-1.0,-1.0
32.586,32.198,31.966,33.041,32.041,32.609,32.488,32.14,32.102,31.859,33.044,32.391,32.056,32.178,33.208,33.836,32.944,33.627,32.75,33.255,33.279,33.647,34.423,33.973,34.211,32.393,32.936,33.768,32.75,34.087,33.272,33.287,33.121,32.76,32.223,32.714,-1.0,-1.0,-1.0,-1.0
83.69,81.473,78.981,87.267,78.047,84.329,84.274,81.89,79.735,77.685,88.041,82.881,80.572,81.207,89.867,92.584,86.424,91.99,84.648,89.21,90.242,91.175,93.727,92.851,93.707,83.421,85.738,92.101,85.279,93.346,88.52,90.835,87.488,86.045,82.463,85.527,-1.0,-1.0,-1.0,-1.0
106.304,108.015,101.887,96.963,102.817,111.688,99.286,100.372,101.415,102.9,97.123,99.642,113.607,114.095,95.367,97.18,116.139,81.692,107.06,95.847,95.534,95.107,79.867,80.4,79.626,111.44,97.629,114.513,97.73,117.078,105.008,109.464,113.582,114.325,113.682,97.688,-1.0,-1.0,-1.0,-1.0
97.117,95.454,102.947,119.091,102.032,155.215,111.083,104.654,105.408,102.143,118.711,107.354,97.244,97.459,113.923,174.508,98.139,102.829,96.66,110.85,115.241,134.295,102.103,119.007,123.89,97.977,106.746,92.552,104.532,89.132,98.366,98.901,95.948,95.448,98.431,111.768,-1.0,-1.0,-1.0,-1.0
94.583,94.808,95.358,93.33,95.276,59.286,95.529,94.574,94.277,95.028,96.605,93.384,93.586,94.248,93.5,58.664,94.977,130.208,93.637,95.227,96.605,85.195,124.027,107.267,104.738,94.713,94.087,95.566,96.197,96.855,94.45,94.315,95.093,95.191,95.342,95.521,-1.0,-1.0,-1.0,-1.0
92.453,94.945,95.962,79.53,96.815,66.105,84.607,93.216,94.149,97.567,74.141,91.353,90.569,88.16,80.673,51.216,78.732,67.427,91.693,82.388,76.046,68.195,71.488,73.059,70.165,87.475,89.213,77.989,92.715,75.372,86.954,79.644,81.928,83.081,85.243,83.969,-1.0,-1.0,-1.0,-1.0
33.766,33.78,33.736,32.888,33.804,32.699,33.714,33.816,33.741,33.663,33.375,33.903,33.593,33.891,33.56,32.988,33.47,33.577,33.787,33.485,33.389,33.056,34.105,33.59,33.267,33.605,33.789,33.595,32.982,33.731,33.565,33.678,33.449,33.621,33.808,33.482,-1.0,-1.0,-1.0,-1.0
30.777,30.794,30.752,30.331,30.744,30.765,30.614,30.76,30.783,30.743,30.716,30.711,30.739,30.63,30.963,30.969,30.739,30.469,30.738,30.86,30.8,30.866,31.019,31.138,30.578,30.678,30.884,30.856,30.687,30.952,30.654,31.15,30.826,30.874,30.677,30.753,-1.0,-1.0,-1.0,-1.0
30.828,30.79,30.794,30.57,30.806,30.594,30.902,30.81,30.773,30.766,30.503,30.912,30.838,30.648,30.658,30.732,30.674,30.744,30.792,30.644,30.622,30.425,30.766,30.652,30.628,30.821,30.744,30.628,30.711,30.94,30.822,31.213,30.8,30.85,31.051,30.72,-1.0,-1.0,-1.0,-1.0
30.796,30.786,30.79,30.78,30.786,30.583,30.885,30.78,30.788,30.816,30.845,30.705,30.727,30.816,30.819,30.889,30.845,30.539,30.817,30.831,30.902,30.907,30.992,30.985,30.673,30.827,30.784,30.983,30.503,31.124,30.85,31.051,30.81,30.873,30.853,30.832,-1.0,-1.0,-1.0,-1.0
30.87,30.828,30.809,30.9,30.826,30.682,30.675,30.842,30.832,30.819,30.974,30.76,30.793,30.889,30.877,31.048,30.783,30.77,30.804,30.882,31.06,31.031,30.858,30.893,30.846,30.972,30.869,31.266,30.759,30.778,30.678,30.767,30.923,30.746,30.676,30.866,-1.0,-1.0,-1.0,-1.0
30.876,30.829,30.847,30.897,30.831,30.849,30.844,30.823,30.823,30.87,30.886,30.874,30.875,30.864,30.818,30.858,30.949,30.762,30.83,30.799,30.914,30.899,31.048,30.874,30.935,30.768,30.876,30.906,30.809,31.315,30.848,30.902,31.003,31.01,30.981,31.047,-1.0,-1.0,-1.0,-1.0
30.786,30.835,30.828,30.936,30.819,30.655,30.947,30.8,30.797,30.819,31.02,30.853,30.715,30.706,31.0,30.835,30.616,30.98,30.812,30.785,30.837,30.752,30.844,30.729,30.985,30.961,31.009,30.834,30.908,30.802,30.902,30.914,30.857,30.972,30.899,30.833,-1.0,-1.0,-1.0,-1.0
30.867,30.829,30.792,30.836,30.793,30.802,30.76,30.881,30.86,30.792,30.5,30.748,30.861,30.823,30.806,30.625,30.81,30.761,30.922,30.859,30.774,30.813,30.838,30.978,30.789,30.764,30.767,30.991,30.616,30.743,31.039,30.918,30.741,30.73,30.719,30.748,-1.0,-1.0,-1.0,-1.0
30.782,30.829,30.844,30.509,30.855,30.82,30.848,30.798,30.831,30.839,31.005,30.988,31.013,30.893,30.928,30.901,30.773,30.865,30.742,30.991,31.039,30.755,31.108,30.713,31.051,30.585,30.821,30.848,30.885,31.085,30.634,30.858,30.862,31.09,30.808,30.864,-1.0,-1.0,-1.0,-1.0
30.939,30.993,30.907,30.88,30.905,30.881,30.74,30.818,30.84,30.931,30.669,31.003,30.874,30.826,30.777,30.586,30.871,30.775,31.226,30.954,30.737,30.711,30.764,30.789,31.039,30.857,30.872,30.911,31.318,30.832,30.881,31.067,30.856,30.827,30.868,30.853,-1.0,-1.0,-1.0,-1.0
30.664,30.653,30.727,30.827,30.675,30.864,30.839,30.968,30.745,30.722,30.867,31.066,31.056,30.928,30.933,30.953,30.857,31.0,30.87,30.861,30.943,31.032,30.991,30.876,30.945,30.947,30.713,30.84,30.932,30.969,30.847,30.927,30.92,31.394,30.837,30.905,-1.0,-1.0,-1.0,-1.0
30.657,30.677,30.706,30.887,30.758,30.951,30.769,30.635,30.784,30.651,30.999,30.652,30.754,30.59,30.953,30.937,30.794,30.962,30.604,30.964,30.864,30.866,30.961,30.898,30.965,30.642,30.669,30.81,30.682,31.014,30.747,30.963,30.902,30.756,30.89,30.976,-1.0,-1.0,-1.0,-1.0
30.76,30.755,30.772,30.838,30.776,30.614,30.562,30.759,30.773,30.792,30.741,30.557,30.506,30.789,30.674,31.048,30.686,30.953,30.652,30.67,30.87,30.785,31.025,31.053,31.109,30.706,30.705,31.018,30.783,31.001,30.637,31.02,30.853,30.947,30.619,30.556,-1.0,-1.0,-1.0,-1.0
30.73,30.819,30.833,30.226,30.833,30.814,30.979,30.815,30.836,30.862,30.364,30.864,30.71,30.848,30.855,30.798,30.768,30.74,30.85,30.346,30.841,30.725,30.797,30.768,30.751,30.845,30.841,30.702,30.953,30.864,30.958,30.812,30.785,30.545,30.836,30.757,-1.0,-1.0,-1.0,-1.0
30.856,31.138,30.99,30.808,30.972,30.914,31.12,31.11,30.912,30.923,31.222,31.042,31.139,31.192,30.953,30.911,31.124,30.69,30.846,31.091,30.783,30.665,30.83,30.865,30.775,30.995,31.203,30.654,30.669,30.814,30.953,30.763,31.035,30.634,31.003,31.104,-1.0,-1.0,-1.0,-1.0
30.776,30.813,30.741,30.932,30.752,31.538,30.901,30.654,30.787,30.8,30.908,30.793,30.608,30.676,31.023,30.825,30.81,30.869,30.884,30.934,30.78,31.476,30.911,30.856,30.799,30.583,30.596,31.042,31.144,30.878,30.841,30.862,30.985,31.429,30.888,31.327,-1.0,-1.0,-1.0,-1.0
30.814,30.794,30.826,30.502,30.839,30.808,30.724,30.784,30.804,30.827,30.669,30.653,30.933,30.876,30.545,30.958,30.66,30.846,30.896,30.65,30.567,30.639,30.952,30.797,30.941,30.757,30.799,30.817,30.604,30.901,30.62,30.899,30.683,30.932,30.53,30.838,-1.0,-1.0,-1.0,-1.0
30.701,30.688,30.703,31.091,30.696,30.977,30.953,30.699,30.704,30.717,30.713,30.909,30.579,30.794,30.984,30.746,30.989,30.958,30.706,30.992,30.763,31.009,30.76,30.77,30.826,30.611,30.803,30.766,30.743,30.805,30.745,30.709,30.847,30.717,30.966,31.034,-1.0,-1.0,-1.0,-1.0
30.755,30.782,30.745,30.702,30.741,30.808,30.852,30.861,30.742,30.728,30.855,30.831,31.294,30.996,30.752,30.86,30.465,30.957,30.71,30.647,30.831,30.971,30.784,30.611,30.987,30.902,30.733,30.963,30.679,30.845,30.869,30.836,30.656,30.706,30.819,30.584,-1.0,-1.0,-1.0,-1.0
30.815,30.734,30.809,30.65,30.808,31.019,30.715,30.962,30.8,30.8,31.051,30.437,30.541,30.478,30.72,30.891,30.669,30.995,30.655,30.937,31.242,30.793,30.847,30.715,30.968,30.648,30.605,31.047,30.732,30.802,30.622,30.968,30.744,30.817,30.876,31.211,-1.0,-1.0,-1.0,-1.0
30.83,30.786,30.765,30.23,30.755,31.155,30.623,30.847,30.782,30.722,30.609,30.49,30.497,30.825,30.473,30.662,30.815,30.887,30.742,30.648,30.674,30.879,31.113,30.879,30.932,30.764,30.897,30.987,30.617,31.146,30.856,30.873,30.628,31.205,30.695,30.77,-1.0,-1.0,-1.0,-1.0
31.012,30.712,30.851,30.571,30.871,30.958,30.847,30.871,30.864,30.881,30.676,30.835,30.838,30.95,30.792,30.973,31.007,31.138,30.842,30.82,30.584,30.544,30.608,31.251,31.021,30.857,30.694,31.074,30.646,30.532,31.066,31.297,30.68,31.088,30.929,30.414,-1.0,-1.0,-1.0,-1.0
30.97,30.943,30.912,31.171,30.911,30.61,30.826,30.844,30.94,30.915,30.839,30.987,30.834,30.897,30.789,30.597,30.708,30.781,31.004,30.938,30.766,30.479,30.96,30.829,31.049,30.96,31.101,30.783,30.588,31.035,30.961,30.722,30.813,30.648,30.898,30.581,-1.0,-1.0,-1.0,-1.0
30.881,30.972,30.939,30.909,30.946,30.589,30.877,30.844,30.97,30.938,31.093,31.14,30.872,30.77,30.719,30.76,30.75,30.481,31.021,30.978,30.964,31.016,30.985,30.646,31.196,30.9,30.977,30.988,31.173,30.873,30.869,30.735,30.871,30.603,30.753,31.106,-1.0,-1.0,-1.0,-1.0
30.862,30.877,30.938,31.269,30.913,30.48,30.928,30.834,30.856,30.957,30.951,31.263,30.802,30.866,31.217,30.293,30.95,30.612,30.829,31.018,31.161,30.592,30.874,30.536,31.041,30.799,30.997,30.45,30.749,31.023,30.958,30.525,30.951,30.599,31.087,30.95,-1.0,-1.0,-1.0,-1.0
30.829,30.824,30.804,30.721,30.826,30.675,30.742,30.778,30.816,30.805,30.741,30.759,30.786,30.717,30.866,30.805,30.753,30.675,30.903,30.659,30.985,30.879,31.063,30.6,31.051,30.735,30.753,30.703,30.881,31.057,30.588,30.712,30.777,30.663,30.789,31.004,-1.0,-1.0,-1.0,-1.0
30.739,30.747,30.802,30.835,30.779,30.674,30.869,30.88,30.778,30.805,31.104,30.826,30.906,30.923,30.91,30.785,30.831,30.798,31.005,30.927,30.722,30.705,30.948,30.84,31.03,30.909,30.827,30.788,31.154,31.005,31.282,30.672,30.938,30.852,30.827,30.722,-1.0,-1.0,-1.0,-1.0
30.946,30.853,30.775,30.656,30.799,30.978,30.907,30.781,30.844,30.765,30.701,30.735,30.759,30.743,30.726,30.699,30.888,30.867,30.783,30.6,30.804,30.429,31.323,30.893,31.352,30.889,30.571,30.726,30.909,30.759,30.661,30.712,31.076,31.007,30.724,30.798,-1.0,-1.0,-1.0,-1.0
30.847,30.804,30.88,30.696,30.843,30.61,30.999,30.656,30.796,30.866,30.571,30.624,30.721,30.82,31.04,31.053,30.588,30.902,30.665,31.091,30.816,30.654,30.923,30.877,30.89,30.659,30.736,31.198,30.717,30.557,31.042,31.193,30.994,30.86,30.632,31.003,-1.0,-1.0,-1.0,-1.0
30.619,30.774,30.747,30.985,30.766,30.689,30.62,31.025,30.803,30.762,30.827,31.02,30.804,30.875,30.758,30.781,31.12,30.953,30.761,30.721,30.847,31.039,31.032,30.901,30.973,30.973,31.12,30.677,30.58,30.442,30.611,30.713,30.718,30.708,30.936,30.487,-1.0,-1.0,-1.0,-1.0
30.834,30.777,30.773,30.736,30.784,30.961,30.863,30.8,30.777,30.744,31.151,30.646,30.811,30.754,30.963,30.97,30.62,30.776,30.727,31.143,30.962,31.198,30.954,30.799,30.952,30.858,30.768,30.858,31.053,30.553,31.011,30.793,31.05,30.741,31.113,31.054,-1.0,-1.0,-1.0,-1.0
30.776,30.839,30.848,30.912,30.846,30.441,30.811,31.001,30.831,30.865,31.056,31.001,30.787,30.646,30.954,30.652,30.949,31.286,30.993,30.763,30.97,30.638,30.897,30.641,30.937,31.01,30.939,30.863,30.821,30.582,30.71,30.849,30.902,30.959,30.583,30.935,-1.0,-1.0,-1.0,-1.0
31.025,30.856,30.825,30.697,30.826,30.575,30.632,30.736,30.844,30.842,30.613,30.544,31.007,30.822,30.451,30.604,30.607,31.285,30.682,30.519,30.743,30.585,30.839,30.706,30.869,30.718,30.64,30.647,30.629,30.795,30.858,30.747,30.704,30.695,30.716,30.518,-1.0,-1.0,-1.0,-1.0
30.816,30.803,30.846,30.918,30.853,30.809,30.999,30.893,30.813,30.82,30.721,30.906,30.793,30.634,30.857,30.954,31.084,31.195,30.936,30.957,30.507,30.882,30.835,30.776,30.846,31.161,30.814,30.854,30.694,30.768,30.837,30.776,30.645,30.644,30.918,30.578,-1.0,-1.0,-1.0,-1.0
30.575,30.698,30.671,30.648,30.665,30.666,30.721,30.501,30.683,30.67,30.696,30.766,30.753,30.689,30.821,30.879,30.534,30.667,30.76,30.519,30.877,30.818,30.937,30.753,30.839,30.844,30.679,30.697,31.179,30.648,30.897,30.666,30.722,30.853,30.97,31.204,-1.0,-1.0,-1.0,-1.0
30.814,30.786,30.722,30.681,30.703,30.722,30.962,30.751,30.676,30.705,31.149,30.589,30.647,30.872,31.072,30.759,30.561,31.496,30.697,30.798,30.855,30.786,30.91,30.885,30.888,31.299,30.556,31.37,32.555,31.18,31.186,30.827,30.825,30.789,31.09,31.044,-1.0,-1.0,-1.0,-1.0
30.866,30.696,30.777,30.695,30.792,30.618,30.51,30.922,30.814,30.817,31.085,30.858,30.666,30.682,30.771,30.682,30.902,30.574,30.797,30.472,30.804,30.472,30.87,30.792,30.923,30.766,30.73,30.871,31.466,30.831,30.582,30.598,30.642,30.722,30.581,31.097,-1.0,-1.0,-1.0,-1.0
30.876,30.792,30.779,30.942,30.789,30.825,30.844,30.657,30.799,30.79,30.82,30.852,30.775,30.771,30.768,31.188,30.94,30.39,30.803,30.749,30.744,30.747,31.037,30.95,31.026,30.853,30.788,30.655,30.919,30.96,30.5,30.7,30.798,30.745,30.581,30.946,-1.0,-1.0,-1.0,-1.0
30.616,30.762,30.778,30.667,30.776,30.558,30.796,30.641,30.763,30.769,30.61,30.904,30.75,30.766,30.689,31.008,30.485,30.748,30.815,30.877,30.637,30.748,31.081,30.704,31.109,30.718,30.738,30.863,30.805,30.92,30.958,30.763,30.625,30.746,30.758,30.641,-1.0,-1.0,-1.0,-1.0
30.896,30.845,30.859,30.714,30.846,30.895,30.618,30.915,30.825,30.867,30.606,30.782,30.885,30.827,30.471,31.251,30.863,32.044,30.808,30.79,30.31,30.57,31.26,30.751,31.227,30.635,30.936,31.246,30.958,31.157,30.613,30.532,30.833,30.83,30.698,30.378,-1.0,-1.0,-1.0,-1.0
31.102,30.8,30.769,30.596,30.782,30.696,30.899,30.799,30.828,30.741,30.699,30.786,30.813,30.821,30.617,30.553,30.673,34.053,30.986,31.023,30.732,31.004,33.678,31.084,32.791,30.777,31.306,31.064,32.782,31.261,31.001,30.831,31.009,30.61,30.789,30.982,-1.0,-1.0,-1.0,-1.0
54.88,52.356,51.562,54.839,52.198,54.918,56.448,54.23,52.997,50.682,59.18,56.065,53.812,53.14,57.951,59.591,54.462,57.801,55.947,56.83,58.562,56.656,58.892,59.882,57.827,57.024,55.293,59.364,58.744,59.372,58.338,59.309,58.841,58.651,56.378,59.043,-1.0,-1.0,-1.0,-1.0
94.212,93.063,92.062,94.132,92.412,94.556,93.834,93.725,93.129,92.692,95.184,94.089,93.606,93.384,95.553,95.306,93.959,94.778,93.744,95.627,95.454,94.035,93.606,95.287,94.603,94.97,94.368,95.404,94.643,95.353,95.416,95.558,95.253,95.324,95.08,95.36,-1.0,-1.0,-1.0,-1.0
116.233,119.393,103.694,100.11,103.396,116.482,100.378,100.64,101.986,103.807,99.091,91.987,113.943,115.451,98.16,84.523,113.664,83.983,117.161,98.994,98.48,99.687,83.749,114.697,83.99,114.94,100.228,84.763,84.334,116.23,113.833,113.444,136.613,153.494,112.748,98.841,-1.0,-1.0,-1.0,-1.0
94.402,89.374,101.764,100.152,103.156,95.529,102.739,109.903,99.767,116.309,111.953,102.86,83.269,83.766,99.893,119.407,84.393,102.735,96.635,108.277,110.552,93.569,102.211,97.996,130.789,97.349,111.816,167.183,102.495,95.174,97.588,97.113,79.032,63.911,90.283,100.719,-1.0,-1.0,-1.0,-1.0
93.571,96.563,98.38,98.738,98.325,93.473,96.911,94.37,98.603,94.31,95.524,124.436,98.301,98.896,96.972,108.524,98.715,123.365,94.235,93.739,95.257,98.989,116.234,93.824,101.027,95.543,93.69,62.3,125.389,94.406,95.234,100.402,94.91,94.359,96.473,96.357,-1.0,-1.0,-1.0,-1.0
86.898,89.738,92.907,91.935,90.988,85.478,89.403,87.643,93.758,83.848,79.314,72.922,96.833,95.292,90.57,73.305,94.459,72.174,83.322,86.308,81.73,95.86,79.514,77.705,67.294,80.929,85.082,70.423,70.953,77.134,79.953,75.469,76.007,75.248,88.506,87.909,-1.0,-1.0,-1.0,-1.0
34.078,33.788,33.857,33.856,33.785,33.675,33.69,33.624,33.782,33.541,32.931,32.882,33.776,33.844,33.849,32.849,33.917,33.127,33.219,33.65,33.308,33.97,33.178,33.104,33.037,33.303,33.519,32.841,32.778,33.251,33.156,32.876,32.846,33.065,33.83,33.883,-1.0,-1.0,-1.0,-1.0
30.577,30.523,30.547,30.574,30.545,30.632,30.587,30.606,30.574,30.642,30.918,30.315,30.635,30.574,30.6,30.494,30.474,30.481,30.819,30.508,30.586,30.396,30.521,30.6,30.558,30.519,30.524,30.386,30.29,30.721,30.684,30.381,30.414,30.241,30.605,30.559,-1.0,-1.0,-1.0,-1.0
30.803,30.803,30.927,30.843,30.672,30.843,30.879,30.884,30.583,30.723,30.504,30.627,30.559,30.852,30.828,29.921,30.928,30.442,30.638,30.868,30.74,30.702,30.336,30.917,30.408,30.588,30.724,30.549,30.326,30.419,30.612,30.549,30.557,30.549,30.803,30.773,-1.0,-1.0,-1.0,-1.0
30.526,30.553,30.568,30.581,30.636,30.499,30.485,30.435,30.658,30.66,30.834,30.856,30.746,30.595,30.613,30.903,30.599,30.699,30.737,30.532,30.671,30.812,30.266,30.882,30.363,30.788,30.728,30.877,30.829,31.021,30.57,30.559,30.767,31.051,30.637,30.744,-1.0,-1.0,-1.0,-1.0
30.61,30.736,30.73,30.725,30.687,30.636,30.713,30.705,30.691,30.692,30.546,30.415,30.686,30.724,30.705,30.846,30.732,30.383,30.6,30.637,30.876,30.694,30.698,30.718,30.462,30.568,30.668,30.525,30.424,30.474,30.772,30.486,30.701,30.374,30.693,30.621,-1.0,-1.0,-1.0,-1.0
30.843,30.695,30.76,30.814,30.803,30.835,30.792,30.818,30.798,30.924,30.927,30.702,30.833,30.748,30.81,30.611,30.765,31.06,30.86,30.785,30.961,30.785,30.684,30.607,30.62,30.672,30.797,30.654,30.809,30.814,30.791,30.401,30.799,30.947,30.792,30.8,-1.0,-1.0,-1.0,-1.0
30.882,30.85,30.945,30.885,30.892,30.835,30.783,30.731,30.844,31.011,30.754,30.93,30.881,30.962,30.856,30.966,30.907,30.994,30.852,30.782,30.961,31.046,30.778,30.975,30.889,30.779,30.882,31.023,30.706,30.734,30.813,30.702,30.904,30.779,30.808,30.819,-1.0,-1.0,-1.0,-1.0
31.126,30.921,30.847,30.889,30.802,30.887,30.858,30.953,30.865,30.89,31.091,30.734,30.785,30.925,30.93,30.954,30.74,30.846,30.856,30.883,30.828,30.671,30.71,31.011,30.779,30.803,31.21,30.74,30.938,30.957,31.117,30.86,30.816,31.073,31.091,31.256,-1.0,-1.0,-1.0,-1.0
34.779,34.05,34.149,34.378,34.052,34.614,34.125,34.275,33.912,35.166,36.303,36.207,33.918,34.095,34.497,38.781,33.983,38.547,35.086,34.449,36.22,33.905,38.225,37.696,38.324,34.815,34.931,37.693,35.955,37.704,35.718,36.672,464.054,36.961,34.639,34.702,-1.0,-1.0,-1.0,-1.0
90.37,87.776,88.134,88.677,87.273,89.897,88.58,88.948,87.092,90.808,92.278,92.171,86.429,88.031,89.386,93.299,87.843,92.276,91.1,89.934,91.833,86.774,93.009,92.165,93.235,90.073,90.66,92.406,91.623,92.399,91.074,92.508,101.915,92.259,89.883,90.393,-1.0,-1.0,-1.0,-1.0
104.479,102.585,102.708,102.288,102.02,103.629,101.946,101.84,101.609,104.636,105.075,103.638,101.867,102.75,101.865,104.987,102.156,105.187,104.107,102.783,104.476,101.586,104.759,104.296,104.792,103.728,104.368,105.407,103.977,105.328,104.435,104.037,61.957,105.613,102.959,103.87,-1.0,-1.0,-1.0,-1.0
114.066,122.143,106.104,106.513,107.245,118.544,107.281,107.21,107.571,105.754,94.443,95.852,115.09,113.798,106.758,91.051,104.256,105.237,114.004,105.605,105.644,107.697,91.771,112.028,125.157,129.695,105.246,125.614,95.83,119.767,113.652,111.478,33.506,123.091,112.904,105.682,-1.0,-1.0,-1.0,-1.0
95.143,154.77,99.439,105.06,101.396,98.872,101.969,103.08,103.433,104.994,102.432,102.451,94.39,156.497,102.418,116.983,100.057,106.179,95.072,103.307,104.489,103.042,102.484,99.318,87.562,163.229,102.889,87.392,99.95,91.302,95.737,99.241,31.659,90.729,97.395,103.173,-1.0,-1.0,-1.0,-1.0
99.948,58.933,99.057,99.732,99.693,98.934,99.987,100.248,99.971,100.018,119.388,118.595,99.344,59.22,99.488,108.637,100.12,96.304,99.702,99.042,99.491,99.825,120.089,98.647,97.064,48.657,99.831,104.183,100.296,98.552,99.595,98.961,31.83,97.335,99.397,99.749,-1.0,-1.0,-1.0,-1.0
85.631,67.168,94.603,88.128,92.959,80.905,90.678,89.073,91.354,83.126,75.633,76.503,93.71,72.64,90.066,72.443,95.917,81.973,85.552,89.26,82.299,91.919,74.663,80.36,77.846,57.55,86.371,73.377,95.283,79.57,84.468,81.534,32.004,78.898,87.45,86.746,-1.0,-1.0,-1.0,-1.0
33.485,33.021,33.892,33.682,33.831,33.346,33.721,33.638,33.777,33.434,32.792,32.697,33.907,32.738,33.702,32.56,33.911,32.692,33.229,33.781,33.473,33.853,33.011,33.011,33.389,32.457,33.485,32.463,33.905,33.17,33.248,33.198,32.095,33.014,33.585,33.518,-1.0,-1.0,-1.0,-1.0
30.866,30.526,30.966,30.867,30.922,31.059,30.941,30.905,30.891,30.951,30.759,30.824,30.937,31.397,30.904,30.545,30.89,30.401,30.951,30.849,30.874,30.969,30.88,30.891,30.72,30.386,30.872,30.464,30.907,30.863,30.977,31.098,32.205,31.143,30.881,30.874,-1.0,-1.0,-1.0,-1.0
31.014,30.671,30.948,31.045,30.956,31.033,30.922,30.975,30.963,30.98,30.858,31.051,30.973,31.153,30.979,31.049,30.977,31.075,31.018,31.033,31.283,30.911,31.131,31.009,31.036,30.582,31.068,30.959,30.985,31.058,31.013,30.835,32.319,30.948,31.018,31.022,-1.0,-1.0,-1.0,-1.0
30.991,30.746,31.048,30.968,31.047,30.877,31.027,31.054,31.044,30.985,30.826,30.776,31.013,30.81,31.02,30.974,31.032,30.683,30.962,31.007,31.012,31.023,30.741,30.883,31.064,30.785,30.963,30.679,31.03,30.983,30.932,30.938,32.412,31.039,30.982,31.006,-1.0,-1.0,-1.0,-1.0
31.171,31.224,31.139,31.129,31.132,31.267,31.115,31.099,31.137,31.204,30.99,31.196,31.137,30.914,31.096,31.406,31.086,31.671,31.184,31.106,31.073,31.118,31.185,31.293,31.069,30.899,31.097,31.609,31.107,31.219,31.181,31.198,32.443,31.395,31.084,31.103,-1.0,-1.0,-1.0,-1.0
31.28,31.191,31.013,31.218,31.077,30.926,31.084,31.15,30.864,31.158,31.138,31.298,30.806,31.429,31.112,31.159,30.924,31.674,31.186,31.5,31.514,30.923,31.247,31.451,31.21,30.757,31.265,31.208,30.92,31.373,31.417,31.207,32.463,30.608,31.33,31.255,-1.0,-1.0,-1.0,-1.0
30.567,30.659,30.774,30.555,30.708,30.562,30.848,30.528,30.745,31.066,30.86,30.978,30.876,30.988,30.785,31.018,30.876,30.837,30.966,30.666,30.718,30.753,31.056,31.503,30.914,30.59,30.425,30.868,30.899,31.139,30.797,31.326,32.432,30.821,30.561,30.252,-1.0,-1.0,-1.0,-1.0
30.985,30.773,31.019,30.921,31.11,30.928,30.839,31.188,31.105,30.661,30.809,30.803,31.037,30.915,31.234,31.031,30.931,30.956,30.61,31.235,30.868,31.076,31.251,31.419,30.734,30.986,31.359,30.959,30.985,30.772,31.065,30.776,32.402,30.921,30.968,31.113,-1.0,-1.0,-1.0,-1.0
31.054,30.99,30.983,31.077,31.005,30.897,31.036,31.043,30.992,31.041,30.948,30.91,30.929,30.682,31.076,30.906,30.959,30.808,31.008,31.241,30.916,30.95,30.869,31.348,30.874,30.915,31.041,30.798,30.996,30.769,30.698,30.957,32.369,30.923,30.972,31.032,-1.0,-1.0,-1.0,-1.0
30.838,31.102,30.938,30.728,30.876,31.016,30.866,31.012,30.856,31.096,31.062,31.099,30.928,31.021,30.942,31.025,30.777,30.854,30.785,31.11,31.082,30.903,30.817,30.959,31.054,30.983,31.019,30.945,30.682,31.0,31.102,31.09,32.387,31.094,30.823,31.028,-1.0,-1.0,-1.0,-1.0
30.778,30.76,30.964,30.96,30.767,30.842,30.951,30.688,30.816,30.672,30.755,30.732,30.83,30.816,30.76,31.013,30.865,30.763,31.013,30.684,30.864,30.834,30.807,30.937,30.967,30.862,30.769,30.802,30.9,30.938,30.779,30.862,32.35,30.873,30.855,30.728,-1.0,-1.0,-1.0,-1.0
31.076,31.021,31.016,31.007,30.958,30.897,30.786,30.862,30.854,31.021,31.02,30.946,30.894,30.991,31.01,30.691,30.847,30.941,30.756,30.914,31.083,30.87,30.978,30.813,30.97,30.573,30.949,30.929,30.894,30.85,31.086,30.944,32.357,30.966,31.018,30.758,-1.0,-1.0,-1.0,-1.0
30.587,30.631,31.059,30.754,30.552,30.927,30.964,30.953,31.058,30.418,30.815,30.822,30.767,30.959,30.847,30.752,30.814,30.902,30.854,30.538,30.651,31.129,30.826,30.898,31.072,30.798,30.602,30.972,30.788,30.81,30.671,30.717,32.372,30.71,30.886,30.956,-1.0,-1.0,-1.0,-1.0
30.924,31.018,30.659,30.637,30.957,31.162,30.472,30.693,30.706,31.239,31.165,31.061,30.863,30.88,31.334,31.041,30.897,30.743,31.229,31.238,31.062,30.614,30.708,30.88,30.954,31.142,31.04,30.566,30.891,30.934,31.185,30.977,32.369,31.218,31.21,31.023,-1.0,-1.0,-1.0,-1.0
30.63,31.018,30.761,30.933,30.814,30.7,30.933,30.813,30.808,30.615,30.66,30.934,30.952,30.889,30.513,30.975,31.054,31.061,30.62,30.95,30.857,30.906,31.156,30.972,31.292,30.831,30.501,30.932,31.066,31.424,30.75,30.745,32.453,31.001,30.669,30.788,-1.0,-1.0,-1.0,-1.0
30.97,30.555,30.979,30.971,30.88,30.996,31.001,30.97,30.901,30.931,30.999,30.814,30.922,30.762,30.864,30.999,30.862,30.68,31.105,30.573,30.737,31.015,31.081,31.062,31.142,30.874,30.963,30.773,30.871,31.118,30.862,30.823,36.152,30.736,30.894,30.931,-1.0,-1.0,-1.0,-1.0
30.997,30.901,30.919,30.774,30.977,30.967,30.806,30.887,30.733,31.031,31.12,30.691,30.789,30.747,31.044,31.185,30.69,30.787,31.034,30.933,30.965,30.904,31.019,31.033,31.02,31.113,30.954,30.806,30.674,30.489,30.945,31.152,32.71,30.729,31.073,30.787,-1.0,-1.0,-1.0,-1.0
30.799,30.865,30.622,30.661,30.726,31.057,30.688,30.786,30.795,30.957,30.939,30.952,30.709,31.009,30.85,30.869,30.756,30.777,30.896,31.198,30.978,30.68,30.752,30.923,30.68,31.018,30.886,30.939,30.723,31.006,31.034,31.05,31.886,30.973,30.45,30.785,-1.0,-1.0,-1.0,-1.0
30.504,30.227,30.742,30.968,30.796,30.838,30.684,30.613,30.685,30.577,31.001,30.981,30.742,30.761,30.426,30.85,30.889,30.718,31.043,30.386,30.772,30.641,30.588,30.926,30.669,31.117,30.97,31.108,30.594,30.848,30.707,30.862,47.34,30.77,30.68,30.566,-1.0,-1.0,-1.0,-1.0
30.74,30.464,30.7,30.762,30.758,30.446,30.778,30.689,30.674,30.403,31.008,30.644,30.711,30.832,30.633,30.928,30.652,31.055,30.188,30.451,30.775,30.767,30.993,30.664,30.885,30.961,30.54,30.824,30.667,30.834,30.921,30.735,81.498,30.868,30.576,30.756,-1.0,-1.0,-1.0,-1.0
31.025,30.863,30.656,30.932,30.731,30.64,30.553,30.623,30.713,30.78,30.511,30.53,30.779,30.511,30.844,30.587,30.748,30.762,30.83,30.856,30.315,30.712,30.777,30.572,30.76,30.935,30.797,30.472,30.721,30.796,30.282,30.627,104.534,30.381,30.871,30.997,-1.0,-1.0,-1.0,-1.0
30.856,30.481,30.851,30.745,30.563,30.708,30.679,30.9,30.89,30.9,30.669,30.919,30.83,30.754,30.707,30.599,30.713,30.632,30.759,30.836,30.667,30.773,30.742,30.508,30.695,31.053,30.775,31.022,30.814,30.658,30.716,30.554,69.941,30.891,30.643,30.464,-1.0,-1.0,-1.0,-1.0
30.556,30.699,30.833,30.731,30.864,30.611,30.608,30.531,30.594,30.523,30.581,30.357,30.705,30.489,30.596,30.365,30.833,30.465,30.558,30.725,30.619,30.636,30.789,30.736,30.932,31.051,30.657,30.843,30.686,30.906,30.615,30.501,37.628,30.507,30.683,30.877,-1.0,-1.0,-1.0,-1.0
38.296,36.418,38.507,36.306,35.731,39.142,34.425,34.442,34.586,39.641,41.866,43.599,34.55,43.66,37.538,49.573,33.855,43.184,41.583,41.854,40.883,34.855,47.724,49.722,46.613,45.338,40.32,44.054,33.794,46.587,43.069,49.049,138.631,41.564,186.259,58.468,-1.0,-1.0,-1.0,-1.0
86.999,88.398,88.081,88.843,89.463,86.996,86.545,88.842,87.281,86.705,85.272,84.854,88.055,150.672,88.405,81.39,87.444,85.218,85.783,84.894,85.539,89.379,82.207,80.771,82.527,151.495,86.054,84.571,86.965,82.102,85.247,492.33,59.249,85.141,73.643,-1.0,-1.0,-1.0,-1.0,-1.0
101.854,101.632,102.683,101.348,100.494,102.835,100.337,99.46,100.291,103.413,104.116,103.971,100.033,58.587,102.309,104.558,100.399,103.926,102.706,103.966,104.444,100.0,104.269,104.671,103.972,61.462,102.698,103.944,99.937,104.292,102.999,76.888,73.791,104.413,144.791,-1.0,-1.0,-1.0,-1.0,-1.0
96.623,97.03,100.495,101.532,97.731,96.378,98.951,99.252,98.357,96.673,98.928,94.835,99.012,98.98,96.581,112.422,109.309,99.568,113.515,98.746,95.494,98.634,92.538,111.686,116.89,70.057,95.991,94.094,102.173,106.982,112.985,33.088,33.07,96.136,60.911,-1.0,-1.0,-1.0,-1.0,-1.0
101.145,101.058,137.944,104.008,99.955,100.332,99.625,100.176,99.824,100.272,102.762,99.562,100.124,138.547,100.519,84.623,98.986,101.266,89.053,100.566,99.995,99.924,101.758,85.521,83.658,150.973,100.61,99.651,107.769,88.868,88.663,30.837,31.292,99.711,140.254,-1.0,-1.0,-1.0,-1.0,-1.0
98.971,98.841,72.24,103.855,99.619,99.547,100.038,99.28,100.088,100.192,107.488,101.618,99.358,58.676,99.292,111.976,102.936,104.076,103.863,103.062,100.998,99.264,111.598,104.464,104.427,61.712,99.355,102.436,103.379,103.585,104.208,30.819,31.285,102.161,50.181,-1.0,-1.0,-1.0,-1.0,-1.0
92.237,92.946,80.143,81.258,93.572,90.578,96.82,94.841,96.067,89.528,75.845,87.374,95.395,67.585,91.573,70.619,84.867,78.416,80.171,83.349,88.251,94.597,74.913,77.63,76.67,74.803,90.99,85.818,83.97,82.174,79.315,30.627,30.925,86.599,33.738,-1.0,-1.0,-1.0,-1.0,-1.0
33.651,33.766,32.34,33.476,33.736,33.559,33.82,33.873,33.862,33.521,33.423,33.679,33.789,32.609,33.923,33.153,33.428,33.583,33.589,33.448,33.717,33.796,33.507,33.454,33.693,33.074,33.624,33.732,33.79,33.523,33.392,30.99,30.704,33.578,33.059,-1.0,-1.0,-1.0,-1.0,-1.0
30.874,30.829,31.043,30.613,30.813,30.982,30.784,30.855,30.882,30.661,30.749,30.996,30.88,30.606,30.841,31.19,30.733,30.932,30.671,30.68,30.947,30.956,30.964,31.638,30.933,30.591,31.073,31.254,30.882,31.051,30.578,30.949,30.809,30.785,32.686,-1.0,-1.0,-1.0,-1.0,-1.0
30.894,30.862,30.732,30.846,30.926,30.685,30.93,30.908,30.933,30.929,30.935,31.017,30.952,30.878,30.974,30.845,30.838,30.787,30.773,30.849,31.007,30.834,31.032,30.845,31.136,30.99,30.694,31.141,30.873,30.893,30.763,31.09,31.123,30.74,32.613,-1.0,-1.0,-1.0,-1.0,-1.0
30.922,30.879,30.688,30.867,30.903,30.938,30.832,30.912,30.889,30.92,30.821,30.847,30.875,31.02,30.928,30.911,30.851,31.042,30.727,30.846,30.98,30.905,30.885,30.845,30.748,30.868,30.902,30.901,30.857,30.819,30.862,31.074,31.178,30.891,32.327,-1.0,-1.0,-1.0,-1.0,-1.0
31.003,30.91,30.694,30.985,30.907,30.959,31.042,30.935,30.955,30.966,30.87,30.903,30.929,30.895,31.003,30.897,30.936,31.083,31.027,30.98,31.155,30.873,30.839,30.908,31.093,30.796,30.899,31.098,30.92,31.366,30.961,30.966,30.991,30.997,32.281,-1.0,-1.0,-1.0,-1.0,-1.0
30.941,30.897,31.036,31.082,30.937,30.871,30.885,30.871,30.893,31.123,31.165,31.201,30.935,31.198,31.127,30.978,30.969,31.002,31.114,30.916,31.414,30.952,31.295,31.122,31.067,31.089,30.859,31.068,31.067,30.944,31.006,31.459,31.335,30.98,32.569,-1.0,-1.0,-1.0,-1.0,-1.0
31.059,31.066,30.321,30.799,31.033,31.068,31.054,31.056,31.044,30.937,30.672,30.756,31.039,30.722,30.778,30.979,30.894,30.783,30.903,30.966,31.004,31.055,31.044,30.949,31.04,31.054,31.111,30.891,30.698,30.841,31.002,31.05,31.067,30.943,32.506,-1.0,-1.0,-1.0,-1.0,-1.0
31.275,31.215,30.954,31.128,31.132,31.116,31.078,31.071,31.073,31.223,31.276,31.161,31.086,31.108,31.156,31.063,31.096,30.948,31.164,31.146,30.897,31.125,31.035,31.076,31.07,30.951,30.897,31.254,31.142,30.982,31.163,31.154,31.293,31.227,32.847,-1.0,-1.0,-1.0,-1.0,-1.0
31.071,31.079,31.045,31.102,31.149,31.153,31.201,31.197,31.198,31.031,30.997,31.02,31.195,31.176,31.106,31.064,31.122,31.163,31.192,31.056,31.168,31.113,31.148,31.087,31.051,31.135,31.2,31.072,31.187,31.168,31.092,31.109,30.9,31.074,97.621,-1.0,-1.0,-1.0,-1.0,-1.0
31.151,31.324,31.102,31.148,31.066,31.18,31.028,31.067,31.042,31.074,31.056,31.173,31.01,31.083,31.278,31.379,30.992,31.169,31.457,31.03,31.258,31.178,31.244,31.409,31.247,31.175,31.199,31.217,31.091,31.34,31.153,30.997,31.041,31.229,47.305,-1.0,-1.0,-1.0,-1.0,-1.0
30.977,30.964,30.989,31.147,31.016,30.895,31.023,31.094,31.062,31.064,31.186,31.038,31.079,31.124,30.831,31.077,31.081,31.106,30.732,31.021,31.024,30.899,31.021,31.033,30.943,31.223,31.087,30.97,31.138,31.177,30.929,30.936,30.975,30.924,32.889,-1.0,-1.0,-1.0,-1.0,-1.0
31.018,31.008,30.801,30.896,31.204,31.198,31.225,30.999,31.037,31.078,30.977,31.033,31.123,30.941,31.117,31.027,31.031,30.923,31.062,31.118,31.044,31.258,30.941,31.029,31.094,31.228,30.898,31.052,30.887,30.912,30.979,31.193,31.251,31.194,32.975,-1.0,-1.0,-1.0,-1.0,-1.0
31.121,31.035,31.001,31.38,30.974,31.069,31.025,31.066,31.092,31.128,31.43,31.216,31.029,31.37,31.123,31.216,31.043,31.176,30.809,31.035,30.936,31.034,31.087,31.144,31.152,31.426,31.049,30.966,31.495,31.169,31.075,31.231,31.412,31.189,32.699,-1.0,-1.0,-1.0,-1.0,-1.0
31.102,31.176,31.008,31.145,31.11,31.034,31.053,31.183,31.149,31.059,30.708,31.046,31.116,30.977,31.096,31.067,31.271,31.019,31.129,31.239,30.94,31.008,31.212,31.07,31.099,31.095,31.175,30.99,30.925,30.955,31.234,31.12,31.343,31.022,32.516,-1.0,-1.0,-1.0,-1.0,-1.0
31.08,31.193,31.181,31.151,31.236,31.267,31.249,31.166,31.19,31.139,31.124,31.17,31.208,31.048,31.179,31.113,30.966,31.078,31.194,31.139,31.226,31.304,31.203,31.13,31.301,31.255,31.248,31.077,31.256,31.205,31.198,30.974,31.008,31.178,32.538,-1.0,-1.0,-1.0,-1.0,-1.0
31.132,31.029,31.267,31.234,31.072,30.991,31.066,31.13,31.108,31.125,31.209,30.985,31.091,31.169,31.204,31.224,31.175,31.32,31.199,31.152,31.175,31.058,31.171,31.311,31.108,31.452,31.145,31.202,31.214,31.341,31.112,30.973,31.008,31.032,64.493,-1.0,-1.0,-1.0,-1.0,-1.0
30.993,30.96,30.889,30.821,30.984,31.258,30.977,31.006,30.984,30.876,31.152,31.022,30.971,31.013,31.146,31.5,30.897,31.042,30.975,31.246,30.913,30.981,31.333,31.264,31.0,31.22,30.991,31.21,30.966,30.928,30.929,31.043,30.946,30.856,46.578,-1.0,-1.0,-1.0,-1.0,-1.0
31.018,31.065,31.364,31.007,31.13,30.943,31.104,31.095,31.049,31.218,31.099,31.357,31.066,31.045,30.825,30.987,31.078,31.221,31.039,30.868,30.986,31.058,30.641,31.105,30.864,31.386,31.079,31.132,31.37,31.17,31.424,30.805,31.124,31.195,60.001,-1.0,-1.0,-1.0,-1.0,-1.0
31.151,31.121,30.967,30.964,30.939,31.146,31.061,31.096,31.11,30.934,30.969,31.062,31.059,30.927,31.108,30.8,31.128,31.014,30.872,31.175,30.956,31.09,31.013,30.916,31.126,31.7,31.116,31.135,30.867,31.074,30.961,31.06,30.981,31.066,46.719,-1.0,-1.0,-1.0,-1.0,-1.0
30.918,30.922,30.852,30.915,30.948,31.054,30.913,30.959,30.954,31.196,31.097,31.03,30.935,30.982,30.925,31.004,30.948,31.001,31.018,31.058,31.181,31.046,30.946,31.007,30.988,30.823,31.171,30.903,30.951,30.908,31.16,30.851,31.041,31.085,32.303,-1.0,-1.0,-1.0,-1.0,-1.0
30.928,30.893,30.996,31.044,30.99,30.838,31.009,30.945,30.924,30.758,31.034,30.986,31.0,30.785,30.941,30.952,30.843,30.956,30.951,31.155,30.977,30.952,30.888,30.945,31.19,30.918,30.812,30.985,31.049,31.045,30.971,30.934,31.112,31.089,32.179,-1.0,-1.0,-1.0,-1.0,-1.0
30.856,30.888,30.793,31.092,31.02,30.946,30.999,31.05,30.889,31.054,30.817,31.06,30.987,30.973,31.026,30.872,30.885,30.889,31.069,31.091,30.793,31.055,30.988,30.862,30.963,30.867,30.863,30.944,30.602,30.911,30.836,30.821,31.307,31.031,65.43,-1.0,-1.0,-1.0,-1.0,-1.0
30.723,30.726,31.009,31.185,31.071,31.1,31.082,30.944,30.983,30.85,31.228,31.04,31.105,30.966,31.035,30.891,30.739,30.941,30.989,31.172,31.008,30.92,31.017,31.186,31.011,30.898,30.921,30.999,30.997,30.892,30.955,30.763,31.458,31.192,46.558,-1.0,-1.0,-1.0,-1.0,-1.0
30.911,30.928,30.832,30.783,31.0,30.878,30.973,31.073,31.044,30.839,30.906,30.7,30.914,30.906,30.757,30.544,30.935,30.787,30.932,30.765,30.853,31.016,30.835,30.764,30.96,30.929,30.955,30.877,30.779,30.998,30.88,30.985,31.625,30.874,32.103,-1.0,-1.0,-1.0,-1.0,-1.0
31.013,30.999,31.041,30.962,30.828,31.01,30.77,31.025,30.919,30.996,30.837,30.923,30.914,30.838,31.014,30.699,31.045,30.918,30.933,30.912,31.51,31.034,30.854,30.907,30.907,30.87,30.983,30.82,31.082,30.84,30.953,31.244,31.71,31.093,31.956,-1.0,-1.0,-1.0,-1.0,-1.0
30.789,30.792,30.76,30.718,30.756,30.787,30.819,30.565,30.8,30.696,31.049,30.853,30.763,30.753,30.814,31.02,30.691,30.959,30.845,30.911,31.011,30.943,31.005,30.875,30.959,30.921,30.825,30.936,30.794,31.0,30.938,30.853,31.87,30.676,31.872,-1.0,-1.0,-1.0,-1.0,-1.0
30.907,30.924,30.763,30.923,30.948,30.724,30.928,30.913,30.917,31.035,30.636,30.947,30.956,30.72,30.723,30.632,30.901,30.774,31.007,30.985,30.522,30.914,30.921,30.754,30.986,30.749,31.085,30.777,31.076,30.841,30.722,30.723,31.903,30.966,32.102,-1.0,-1.0,-1.0,-1.0,-1.0
30.842,30.835,30.905,30.742,30.954,30.831,30.833,30.817,30.858,31.007,30.934,30.795,30.919,30.888,30.864,30.671,30.86,30.789,30.963,30.932,30.936,31.05,30.689,30.607,30.823,30.841,30.665,30.901,30.839,31.02,31.021,30.79,31.967,31.16,32.248,-1.0,-1.0,-1.0,-1.0,-1.0
30.852,30.853,30.769,30.678,31.035,30.821,30.862,30.773,30.853,31.041,30.679,30.555,30.819,30.797,31.109,30.832,30.837,30.764,30.642,30.823,30.828,30.921,30.95,30.889,30.857,30.909,30.816,30.891,30.879,30.962,30.861,30.796,31.921,30.738,48.719,-1.0,-1.0,-1.0,-1.0,-1.0
30.81,30.83,30.912,30.87,30.649,30.834,30.655,30.772,30.72,30.75,30.935,31.015,30.728,30.741,30.786,30.606,30.747,30.847,30.848,30.956,30.969,30.774,30.647,30.775,30.715,30.793,30.754,30.797,30.864,30.763,30.699,30.672,32.029,30.703,70.144,-1.0,-1.0,-1.0,-1.0,-1.0
30.653,30.61,30.528,30.582,30.706,30.673,30.768,30.717,30.732,30.683,30.976,31.307,30.725,30.725,30.5,31.038,30.693,30.821,30.84,30.74,30.806,30.574,31.113,30.933,30.891,30.82,30.776,31.176,30.522,30.884,30.841,30.937,32.073,30.785,98.251,-1.0,-1.0,-1.0,-1.0,-1.0
30.867,30.862,30.921,30.877,31.043,30.897,30.858,30.885,30.877,30.867,30.481,30.556,30.903,30.912,30.884,30.664,30.861,30.784,30.788,30.739,30.648,30.923,30.785,30.804,30.902,30.746,30.882,30.639,30.732,30.637,30.843,31.17,32.084,30.516,120.479,-1.0,-1.0,-1.0,-1.0,-1.0
30.871,30.862,30.708,30.826,30.793,30.946,30.875,30.862,30.877,30.841,30.819,30.875,30.882,30.838,30.907,30.702,30.874,30.944,30.867,30.881,30.897,31.065,30.917,30.474,30.82,30.681,30.811,30.619,30.824,30.691,30.825,30.993,32.124,30.957,115.147,-1.0,-1.0,-1.0,-1.0,-1.0
30.877,30.894,30.929,30.906,30.882,31.021,30.889,30.869,30.868,30.879,30.652,31.041,30.837,31.118,30.9,31.522,30.881,30.847,30.81,30.837,31.077,30.689,30.91,31.054,30.795,30.691,31.087,31.14,30.945,31.146,31.004,30.886,32.187,30.907,68.488,-1.0,-1.0,-1.0,-1.0,-1.0
30.934,30.941,30.996,30.991,30.761,30.98,30.951,31.04,30.941,31.074,31.159,30.608,31.006,30.936,31.117,30.744,30.939,30.746,30.858,31.012,30.785,30.912,30.8,31.054,31.138,30.915,31.011,30.898,31.08,30.782,31.15,40.146,41.357,31.004,34.327,-1.0,-1.0,-1.0,-1.0,-1.0
30.959,30.963,30.607,30.659,30.868,30.923,30.948,30.879,30.933,30.819,30.748,31.033,30.891,30.751,30.979,30.817,30.944,30.803,31.0,30.985,30.941,30.863,30.866,30.842,30.9,31.237,31.177,30.84,30.753,30.89,30.956,92.583,77.938,31.01,32.452,-1.0,-1.0,-1.0,-1.0,-1.0
30.706,30.719,30.878,30.867,30.908,30.601,30.82,30.749,30.817,30.566,31.029,30.637,30.649,30.85,30.997,30.91,30.94,30.904,30.72,30.88,30.886,30.747,30.815,30.883,30.806,30.959,30.898,30.915,30.758,30.855,30.919,95.635,98.175,30.886,32.284,-1.0,-1.0,-1.0,-1.0,-1.0
30.843,30.85,30.722,30.676,30.855,30.666,30.851,31.04,30.912,30.83,30.578,30.622,30.921,31.037,31.113,30.658,30.85,30.745,31.113,30.855,30.911,30.736,30.997,30.766,30.707,30.979,31.092,30.833,30.495,31.043,30.586,49.398,128.544,30.976,42.416,-1.0,-1.0,-1.0,-1.0,-1.0
34.451,33.428,34.554,34.658,35.373,34.779,33.592,34.684,34.398,34.801,35.247,35.37,34.407,35.073,36.319,36.512,33.663,35.92,35.547,36.437,36.878,35.282,38.212,38.257,38.452,38.229,36.21,37.2,34.937,37.093,35.898,86.602,108.457,35.618,79.428,-1.0,-1.0,-1.0,-1.0,-1.0
87.093,86.787,88.636,88.794,89.944,88.855,87.688,89.469,88.505,89.544,90.611,90.344,88.226,90.339,93.021,93.408,87.003,90.707,91.572,93.199,93.587,90.383,93.717,93.299,94.168,162.458,91.764,93.518,89.363,93.274,91.48,101.78,68.086,92.179,104.329,-1.0,-1.0,-1.0,-1.0,-1.0
101.31,100.0,101.636,102.019,102.541,102.028,100.376,101.69,101.764,102.787,103.239,103.213,101.409,103.067,102.407,100.832,100.17,103.548,116.832,102.249,101.995,103.206,102.444,100.291,119.579,52.528,103.31,115.612,101.961,100.616,103.366,69.799,33.594,118.067,101.829,-1.0,-1.0,-1.0,-1.0,-1.0
108.295,108.931,107.579,107.607,108.616,107.646,108.973,106.821,107.228,108.133,109.284,108.427,107.393,108.492,111.761,108.73,108.926,108.981,99.146,109.921,111.945,108.372,110.454,108.369,93.529,127.512,110.505,97.28,108.159,108.599,108.737,34.751,31.458,97.752,110.664,-1.0,-1.0,-1.0,-1.0,-1.0
110.095,109.583,110.736,111.264,112.654,112.447,109.295,112.386,110.87,112.409,113.568,114.06,110.245,112.575,116.933,114.74,109.769,113.957,117.031,116.372,106.812,113.713,118.227,115.588,118.483,86.248,115.852,118.782,111.981,115.214,114.087,31.038,31.613,118.368,72.053,-1.0,-1.0,-1.0,-1.0,-1.0
95.057,97.495,93.261,92.127,87.623,90.877,96.44,91.409,93.652,89.197,84.533,85.109,94.64,87.16,76.638,81.659,96.818,83.58,77.247,78.069,86.144,85.841,73.08,79.7,72.692,68.636,79.306,73.967,89.969,81.22,82.968,31.664,37.298,74.627,-1.0,-1.0,-1.0,-1.0,-1.0,-1.0
33.764,33.906,33.553,33.44,33.371,33.439,33.625,33.459,33.535,33.16,33.052,33.122,33.629,33.283,32.66,33.076,33.695,33.28,32.726,33.428,32.388,33.266,33.247,33.557,32.742,32.481,32.848,33.012,33.514,33.002,33.062,42.995,85.617,32.782,-1.0,-1.0,-1.0,-1.0,-1.0,-1.0
30.59,30.621,30.521,30.653,30.563,30.603,30.798,30.528,30.821,30.799,30.849,30.844,30.65,30.709,30.731,30.838,30.736,30.872,30.76,30.751,30.503,30.957,30.8,30.667,30.797,30.731,30.787,30.776,30.488,30.84,30.569,77.217,105.196,30.593,-1.0,-1.0,-1.0,-1.0,-1.0,-1.0
30.539,30.533,30.552,30.573,30.52,30.595,30.71,30.609,30.682,30.545,30.59,30.737,30.536,30.337,30.365,30.471,30.829,30.483,30.805,30.593,30.878,30.716,30.602,30.58,30.667,30.347,30.428,30.625,30.607,30.67,30.346,65.272,101.721,30.316,-1.0,-1.0,-1.0,-1.0,-1.0,-1.0
32.873,33.002,33.033,33.424,33.579,33.905,33.819,33.126,34.102,34.079,34.191,34.192,33.158,33.841,34.596,34.414,33.742,34.381,34.99,34.841,35.225,34.555,35.181,34.66,35.191,34.751,34.404,35.066,33.571,34.837,34.205,46.127,109.118,-1.0,-1.0,-1.0,-1.0,-1.0,-1.0,-1.0
84.809,85.523,85.488,86.003,86.126,86.818,86.64,86.226,87.403,87.636,87.886,88.006,85.771,86.987,88.533,88.44,86.482,88.591,89.677,89.085,89.674,88.715,90.029,88.949,90.095,88.946,88.367,89.119,86.204,89.482,88.054,99.501,72.651,-1.0,-1.0,-1.0,-1.0,-1.0,-1.0,-1.0
99.495,99.407,99.728,100.231,101.29,101.865,101.258,99.647,102.16,102.468,103.255,103.137,100.154,101.624,104.085,103.076,101.223,103.715,105.024,104.918,105.256,103.913,105.093,104.616,105.248,105.15,103.586,105.561,100.215,104.831,102.675,108.608,34.787,-1.0,-1.0,-1.0,-1.0,-1.0,-1.0,-1.0
99.971,99.774,100.02,100.573,100.228,101.838,101.402,100.411,101.399,101.457,101.482,101.771,100.063,101.345,102.074,101.64,100.54,101.988,101.517,104.224,101.79,104.826,101.719,101.59,101.506,101.546,101.601,101.723,100.858,101.569,101.521,71.86,40.264,-1.0,-1.0,-1.0,-1.0,-1.0,-1.0,-1.0
100.335,100.463,100.18,100.289,100.891,100.38,100.193,99.677,100.938,101.126,101.211,101.72,99.438,100.292,102.93,102.218,100.91,102.453,104.272,107.829,105.99,110.253,106.839,103.473,107.107,104.09,102.406,104.582,100.258,104.368,101.199,34.421,-1.0,-1.0,-1.0,-1.0,-1.0,-1.0,-1.0,-1.0
96.422,95.701,95.449,93.335,91.713,89.153,90.698,94.733,88.137,87.099,85.818,85.042,95.273,89.811,81.554,84.196,91.02,82.811,78.208,73.267,75.791,72.518,74.435,80.529,73.823,79.554,83.519,77.674,92.712,78.549,86.45,41.657,-1.0,-1.0,-1.0,-1.0,-1.0,-1.0,-1.0,-1.0
33.21,33.246,33.174,33.255,33.187,33.12,33.153,33.324,33.074,33.148,33.252,33.17,33.347,33.159,33.39,33.387,33.643,32.96,33.195,32.801,32.876,32.584,33.576,33.083,33.541,33.305,33.296,33.322,33.312,33.546,33.047,-1.0,-1.0,-1.0,-1.0,-1.0,-1.0,-1.0,-1.0,-1.0
30.447,30.639,30.584,30.551,30.534,30.439,30.562,30.744,30.557,30.682,30.52,30.678,31.515,31.289,30.808,31.053,31.565,31.442,32.04,32.665,32.752,32.521,32.711,41.095,40.408,46.415,48.608,49.153,66.1,67.318,-1.0,-1.0,-1.0,-1.0,-1.0,-1.0,-1.0,-1.0,-1.0,-1.0
-1.0,-1.0,-1.0,-1.0,-1.0,-1.0,-1.0,-1.0,-1.0,-1.0,-1.0,-1.0,-1.0,-1.0,-1.0,-1.0,-1.0,-1.0,-1.0,-1.0,-1.0,-1.0,-1.0,-1.0,-1.0,-1.0,-1.0,-1.0,-1.0,-1.0,-1.0,-1.0,-1.0,-1.0,-1.0,-1.0,-1.0,-1.0,-1.0,-1.0
-1.0,-1.0,-1.0,-1.0,-1.0,-1.0,-1.0,-1.0,-1.0,-1.0,-1.0,-1.0,-1.0,-1.0,-1.0,-1.0,-1.0,-1.0,-1.0,-1.0,-1.0,-1.0,-1.0,-1.0,-1.0,-1.0,-1.0,-1.0,-1.0,-1.0,-1.0,-1.0,-1.0,-1.0,-1.0,-1.0,-1.0,-1.0,-1.0,-1.0
-1.0,-1.0,-1.0,-1.0,-1.0,-1.0,-1.0,-1.0,-1.0,-1.0,-1.0,-1.0,-1.0,-1.0,-1.0,-1.0,-1.0,-1.0,-1.0,-1.0,-1.0,-1.0,-1.0,-1.0,-1.0,-1.0,-1.0,-1.0,-1.0,-1.0,-1.0,-1.0,-1.0,-1.0,-1.0,-1.0,-1.0,-1.0,-1.0,-1.0
