99,12,8,2,23,47,1,34,17,54,21,19,7,15,9,41,24,31,77,51,42,3,11,78,43,38,48,22,4,45,14,5,6,20,71,10,16,-1,-1,-1
-1.0,-1.0,-1.0,-1.0,-1.0,-1.0,-1.0,-1.0,-1.0,-1.0,-1.0,-1.0,-1.0,-1.0,-1.0,-1.0,-1.0,-1.0,-1.0,-1.0,-1.0,-1.0,-1.0,-1.0,-1.0,-1.0,-1.0,-1.0,-1.0,-1.0,-1.0,-1.0,-1.0,-1.0,-1.0,-1.0,-1.0,-1.0,-1.0,-1.0
33.853,34.115,34.114,33.998,33.656,33.834,33.788,34.258,34.06,33.791,33.655,33.757,33.404,33.939,33.147,33.603,33.853,33.584,33.371,33.559,33.574,33.882,33.869,33.099,33.405,34.274,33.784,52.906,33.716,33.717,33.938,34.171,33.552,33.536,33.913,33.818,33.768,-1.0,-1.0,-1.0
139.574,52.976,47.278,54.242,71.701,65.87,60.545,48.873,50.115,60.831,80.827,54.876,62.129,63.775,68.758,56.363,53.471,105.752,148.962,62.968,80.243,354.858,55.399,108.618,80.998,49.387,381.582,67.39,55.873,423.631,51.24,48.24,57.579,94.643,63.318,365.548,121.204,-1.0,-1.0,-1.0
58.303,101.625,102.123,101.297,103.903,96.688,97.972,102.684,102.626,98.327,85.949,101.04,98.404,97.363,164.318,100.877,101.515,63.612,128.83,108.28,155.987,58.658,100.914,63.708,149.307,102.583,380.029,75.729,101.198,69.132,102.613,102.253,100.118,407.637,97.339,125.746,-1.0,-1.0,-1.0,-1.0
150.924,98.355,99.724,98.539,122.139,98.48,99.225,99.001,97.939,98.713,101.495,99.326,98.369,98.738,66.048,170.514,98.465,146.505,92.696,130.734,64.183,164.463,98.111,174.144,67.2,98.916,89.508,98.581,99.411,166.214,98.138,99.17,99.098,101.769,98.287,205.523,-1.0,-1.0,-1.0,-1.0
61.209,107.14,107.83,108.108,76.628,107.502,108.433,107.397,107.484,108.533,102.797,108.503,108.334,107.251,157.251,53.468,107.604,57.539,118.882,77.218,70.787,56.886,108.397,62.268,136.96,107.81,71.194,107.458,107.964,74.628,107.285,107.703,107.78,128.678,108.217,55.249,-1.0,-1.0,-1.0,-1.0
81.844,120.029,119.86,119.128,135.834,118.72,117.72,120.195,120.321,117.938,119.057,118.929,116.978,118.687,56.04,183.535,119.515,140.864,113.442,116.182,203.63,123.782,118.875,82.155,61.573,120.43,32.589,118.684,118.798,119.619,120.297,119.848,118.563,122.07,117.764,95.415,-1.0,-1.0,-1.0,-1.0
198.903,119.299,119.409,119.41,95.867,128.599,127.864,119.233,119.051,113.915,113.082,118.768,127.703,114.867,185.41,59.577,119.333,92.201,120.795,108.217,57.54,91.045,119.15,187.179,107.825,118.853,30.733,111.625,118.985,69.498,118.911,119.584,128.811,68.379,129.169,74.046,-1.0,-1.0,-1.0,-1.0
60.175,119.68,119.59,119.542,119.972,113.007,114.657,119.782,119.887,132.579,121.228,120.357,115.594,121.433,54.108,150.72,119.583,119.454,116.378,120.822,98.69,72.524,119.817,61.966,147.194,120.268,30.305,129.866,120.361,33.151,119.974,119.495,115.127,34.479,113.649,33.989,-1.0,-1.0,-1.0,-1.0
93.995,107.203,106.174,107.963,116.429,106.085,105.638,106.457,106.611,107.138,116.246,108.567,105.868,107.7,93.555,76.762,107.589,116.928,78.865,115.641,112.121,32.918,108.241,108.997,96.117,106.609,30.817,107.007,108.175,31.884,107.084,106.459,105.807,1274.934,106.042,31.966,-1.0,-1.0,-1.0,-1.0
75.287,92.666,96.853,90.811,77.753,83.399,86.538,95.294,94.787,81.002,79.398,88.723,85.097,87.529,74.801,70.702,91.889,77.005,33.294,81.946,76.317,30.609,90.05,72.052,72.996,94.077,30.752,82.184,88.37,31.862,93.343,96.05,85.92,49.698,84.324,31.943,-1.0,-1.0,-1.0,-1.0
32.951,33.871,33.978,33.822,33.388,33.669,33.758,33.918,33.829,33.522,33.39,33.739,33.716,33.925,32.774,32.52,33.749,33.118,30.809,32.99,33.246,30.474,33.702,32.553,32.916,33.875,30.789,33.56,33.738,31.755,33.831,33.743,33.802,31.836,33.812,32.092,-1.0,-1.0,-1.0,-1.0
30.94,30.773,30.654,30.792,30.737,30.874,30.596,30.796,30.707,30.789,30.94,30.827,30.642,31.004,30.631,30.402,30.689,30.945,30.41,30.781,31.112,30.711,30.759,30.699,30.562,30.781,30.661,30.921,30.889,31.682,30.675,30.881,30.644,31.548,30.794,32.165,-1.0,-1.0,-1.0,-1.0
30.467,30.564,30.511,30.572,30.525,30.917,30.391,30.518,30.55,30.456,30.722,30.612,30.416,30.927,30.573,30.386,30.541,30.626,30.69,30.418,30.669,30.524,30.447,30.487,30.459,30.559,30.755,30.659,30.502,31.625,30.542,30.527,30.612,31.489,30.338,32.142,-1.0,-1.0,-1.0,-1.0
30.784,30.643,30.669,30.796,30.255,30.418,30.894,30.648,30.703,30.348,30.394,30.451,30.805,30.952,30.501,30.79,30.642,30.842,31.175,30.111,30.815,30.862,30.73,30.825,30.595,30.648,30.829,30.253,30.506,31.59,30.521,30.637,30.625,31.482,30.358,32.156,-1.0,-1.0,-1.0,-1.0
30.912,30.409,30.488,30.628,30.634,30.284,30.618,30.519,30.611,30.695,30.61,31.083,30.606,30.873,30.57,30.563,30.571,30.86,31.03,30.169,30.684,30.818,30.66,30.617,30.903,30.745,31.088,30.666,30.754,31.647,30.583,30.535,31.447,31.497,30.709,32.279,-1.0,-1.0,-1.0,-1.0
30.79,30.609,30.746,30.341,30.715,30.534,30.122,30.606,30.605,30.572,30.642,30.552,30.576,31.176,30.994,30.709,30.604,31.044,30.823,30.697,31.087,30.85,30.457,31.121,31.077,30.809,30.773,30.588,30.579,31.692,30.582,30.461,31.063,31.554,30.501,32.472,-1.0,-1.0,-1.0,-1.0
30.652,30.596,30.368,30.7,30.924,31.312,30.692,30.556,30.657,30.979,30.856,30.391,31.185,30.84,30.796,30.822,30.65,30.877,30.781,30.664,31.437,30.716,30.722,31.065,31.82,31.053,30.652,31.047,31.429,31.765,30.613,30.605,30.839,31.579,30.858,32.536,-1.0,-1.0,-1.0,-1.0
30.493,30.451,30.533,30.458,30.532,30.669,30.383,30.47,30.46,30.369,30.552,30.384,30.504,30.9,30.517,30.827,30.465,30.706,30.566,30.824,30.969,30.529,30.507,30.706,31.301,30.534,30.636,30.534,30.638,31.771,30.609,30.517,30.556,31.567,30.208,32.595,-1.0,-1.0,-1.0,-1.0
30.521,30.398,30.425,30.484,30.464,30.634,30.492,30.477,30.403,30.384,30.54,30.485,30.397,30.851,30.775,30.915,30.456,30.484,30.64,30.871,30.761,30.877,30.461,30.658,31.149,30.307,30.746,30.374,30.57,31.696,30.489,30.459,30.973,31.594,30.472,32.552,-1.0,-1.0,-1.0,-1.0
30.575,30.514,30.504,30.518,30.263,29.976,30.481,30.473,30.597,30.373,30.642,30.562,30.257,30.84,31.021,30.973,30.6,30.869,30.826,30.714,30.69,30.921,30.378,30.641,31.186,30.49,36.977,30.172,29.883,31.702,30.446,30.509,30.903,34.12,30.581,32.628,-1.0,-1.0,-1.0,-1.0
30.463,30.42,30.718,30.417,30.542,30.365,30.504,30.56,30.404,30.643,30.254,30.411,30.206,31.063,30.696,30.916,30.368,30.784,30.553,30.629,30.964,30.603,30.547,30.782,31.233,30.668,59.281,30.507,30.669,31.77,30.519,30.455,30.973,40.511,30.391,32.652,-1.0,-1.0,-1.0,-1.0
30.525,30.59,30.576,30.654,30.485,30.548,30.566,30.64,30.634,30.452,30.39,30.52,30.506,30.613,30.555,30.667,30.667,30.613,30.414,30.86,30.751,30.4,30.506,30.535,31.267,30.624,93.379,30.1,30.468,40.486,30.557,30.551,30.835,93.129,30.509,42.802,-1.0,-1.0,-1.0,-1.0
30.318,30.267,30.559,30.512,30.403,30.56,30.374,30.537,30.54,30.205,30.403,30.388,30.428,30.803,30.371,31.05,30.524,30.444,30.335,30.61,30.754,34.96,30.409,30.91,31.44,30.445,92.104,30.797,30.162,48.141,30.427,30.579,30.536,91.779,30.755,40.098,-1.0,-1.0,-1.0,-1.0
30.354,30.481,30.418,30.432,30.284,30.372,30.491,30.405,30.405,30.617,30.616,30.44,30.39,31.071,30.319,30.893,30.376,30.45,35.078,30.493,30.823,60.151,30.474,30.653,31.146,30.797,105.374,30.459,30.305,90.414,30.443,30.256,30.357,97.12,30.677,163.066,-1.0,-1.0,-1.0,-1.0
35.23,30.37,30.521,33.615,32.999,34.803,30.533,30.564,78.67,33.967,35.425,33.334,30.994,37.355,34.964,37.607,33.207,34.906,60.32,36.169,37.604,92.651,30.619,36.241,36.323,35.116,109.108,34.309,33.53,89.1,30.783,30.692,36.253,121.269,33.398,49.657,-1.0,-1.0,-1.0,-1.0
60.122,55.16,57.094,59.322,59.993,59.065,58.365,57.724,64.127,60.079,60.115,59.096,59.882,59.208,60.129,59.243,58.604,60.003,92.549,59.452,59.262,119.843,59.36,59.395,57.809,59.49,88.836,60.12,59.475,194.937,58.942,57.133,59.435,100.719,60.112,93.916,-1.0,-1.0,-1.0,-1.0
92.137,93.268,91.98,90.856,91.502,92.605,92.712,91.673,95.709,90.972,91.307,90.526,91.606,94.09,92.142,94.058,90.756,92.808,67.585,93.22,94.291,93.16,92.179,93.273,94.304,93.05,32.949,91.69,91.253,53.937,91.012,91.611,92.916,87.288,91.947,86.451,-1.0,-1.0,-1.0,-1.0
191.694,99.949,100.045,101.791,98.347,98.581,100.163,100.042,55.995,98.613,100.834,99.414,110.533,98.256,187.198,159.274,101.156,135.798,112.063,99.542,180.271,92.907,99.913,149.068,173.349,100.469,30.854,99.704,98.316,55.269,100.06,100.05,160.373,35.987,98.744,88.378,-1.0,-1.0,-1.0,-1.0
49.61,109.299,109.298,115.185,110.89,111.51,109.628,109.665,111.631,111.301,113.352,110.855,106.482,109.75,47.914,56.727,118.054,78.546,49.278,114.832,50.077,91.026,110.025,63.83,52.162,120.592,30.62,112.444,110.697,33.578,109.47,109.391,55.626,59.257,111.774,33.825,-1.0,-1.0,-1.0,-1.0
67.962,103.083,102.495,95.062,99.076,97.201,101.575,102.126,92.62,99.005,94.044,99.959,95.779,92.448,74.878,90.969,94.129,97.046,78.382,89.947,75.445,33.793,101.078,90.445,76.093,88.221,30.548,96.389,100.059,31.968,102.313,102.613,88.756,93.146,98.364,31.726,-1.0,-1.0,-1.0,-1.0
90.342,96.564,96.163,92.39,94.17,93.213,94.693,95.808,90.564,93.293,92.125,94.43,92.664,92.177,89.802,87.416,92.429,88.027,90.813,91.342,88.18,31.143,94.363,91.712,90.199,90.923,30.368,92.809,93.904,31.926,95.094,96.423,91.488,101.324,92.864,31.642,-1.0,-1.0,-1.0,-1.0
33.708,33.73,33.737,33.532,33.739,33.685,33.725,33.739,33.263,33.775,33.466,33.778,33.582,33.857,32.924,32.639,33.546,32.552,33.827,33.212,33.488,30.607,33.696,33.477,33.187,33.26,30.432,33.594,33.707,31.699,33.709,33.668,33.7,90.415,33.718,31.855,-1.0,-1.0,-1.0,-1.0
30.827,30.562,30.548,30.673,30.613,30.504,30.609,30.61,30.752,30.613,30.675,30.563,30.671,30.929,30.778,30.718,30.406,30.834,30.781,30.656,31.194,30.323,30.642,30.736,30.79,30.539,30.679,30.671,30.628,31.403,30.527,30.65,30.74,99.078,30.606,31.925,-1.0,-1.0,-1.0,-1.0
30.448,30.584,30.325,30.465,30.383,30.302,30.291,30.293,30.418,30.512,30.496,30.231,30.311,30.676,30.339,30.704,30.29,30.652,30.537,30.472,31.406,30.505,30.45,30.592,30.325,30.519,30.47,30.486,30.41,31.512,30.582,30.538,30.369,110.741,30.497,32.041,-1.0,-1.0,-1.0,-1.0
30.272,30.347,30.356,30.442,30.309,30.325,30.344,30.353,30.398,30.552,30.502,30.424,30.296,30.416,30.397,30.384,30.343,30.205,30.442,30.326,31.624,30.58,30.402,30.423,30.413,30.502,30.497,30.286,30.533,31.403,30.408,30.377,30.317,107.037,30.578,31.645,-1.0,-1.0,-1.0,-1.0
30.373,30.403,30.444,30.187,30.365,30.414,30.432,30.405,30.305,30.534,30.475,30.389,30.278,30.37,30.273,30.307,30.377,30.392,30.394,30.217,31.399,30.648,30.396,30.312,30.468,30.265,30.901,30.227,30.358,31.541,30.391,30.409,30.451,72.637,30.603,31.797,-1.0,-1.0,-1.0,-1.0
30.201,30.413,30.384,30.365,30.472,30.42,30.412,30.435,30.363,30.43,30.243,30.427,30.529,30.532,30.313,30.499,30.503,30.307,30.265,30.392,31.358,30.471,30.464,30.329,30.518,30.081,30.906,30.457,30.444,31.594,30.456,30.431,30.199,33.594,30.151,31.981,-1.0,-1.0,-1.0,-1.0
30.38,30.445,30.441,30.41,30.475,30.467,30.473,30.428,30.628,30.509,30.601,30.441,30.373,30.405,30.532,30.593,30.378,30.532,30.338,30.694,31.344,30.499,30.483,30.555,30.901,30.493,30.57,30.479,30.48,31.412,30.446,30.466,30.633,31.073,30.503,32.145,-1.0,-1.0,-1.0,-1.0
30.557,30.522,30.51,30.57,30.513,30.504,30.445,30.513,30.636,30.433,30.618,30.481,30.588,30.546,30.525,30.54,30.566,30.495,30.692,30.691,31.7,30.846,30.503,30.596,30.438,30.371,30.504,30.542,30.554,31.397,30.472,30.456,30.272,32.236,30.682,32.226,-1.0,-1.0,-1.0,-1.0
30.401,30.394,30.424,30.488,30.529,30.527,30.432,30.406,30.511,30.51,30.704,30.505,30.514,30.464,30.4,30.459,30.494,30.679,30.68,30.391,31.998,30.648,30.476,30.357,30.827,30.466,30.541,30.514,30.476,31.542,30.506,30.437,30.31,31.111,30.48,32.303,-1.0,-1.0,-1.0,-1.0
30.187,30.601,30.602,30.616,30.465,30.389,30.519,30.472,30.378,30.539,30.576,30.42,30.29,30.338,30.502,30.797,30.526,30.492,30.294,30.444,31.636,30.611,30.431,30.534,30.773,30.363,30.833,30.584,30.602,31.431,30.466,30.568,30.524,31.255,30.582,32.361,-1.0,-1.0,-1.0,-1.0
30.886,30.391,30.416,30.646,30.497,30.564,30.39,30.45,30.888,30.975,30.926,30.41,30.532,30.845,30.448,30.561,30.577,30.438,30.792,30.541,31.81,30.466,30.51,30.932,31.548,30.559,30.543,30.359,30.7,31.556,30.477,30.444,30.45,31.511,30.588,32.38,-1.0,-1.0,-1.0,-1.0
30.285,30.301,30.194,30.426,30.497,30.47,30.388,30.263,30.063,30.358,30.491,30.429,30.384,30.23,30.296,30.617,30.455,30.38,30.48,30.333,31.523,30.651,30.297,30.437,30.972,30.671,30.378,30.349,30.515,31.441,30.238,30.248,30.398,31.465,30.331,32.45,-1.0,-1.0,-1.0,-1.0
30.564,30.156,30.729,30.392,30.345,30.373,30.238,30.096,30.512,30.536,30.119,30.627,30.382,30.655,30.51,30.643,30.326,30.459,30.268,30.696,31.453,30.953,30.577,30.559,31.005,30.329,30.51,30.483,30.482,31.629,30.75,30.125,30.242,31.487,30.456,32.526,-1.0,-1.0,-1.0,-1.0
30.621,30.413,30.197,30.576,30.716,30.578,30.402,30.333,30.258,30.499,30.409,29.985,30.801,30.278,30.561,30.437,30.788,30.469,30.447,30.512,31.457,30.385,30.502,30.45,31.157,30.661,30.587,30.651,30.742,31.512,30.783,30.217,30.724,31.598,30.506,32.962,-1.0,-1.0,-1.0,-1.0
30.514,30.14,30.049,30.438,30.313,30.074,30.185,30.167,30.549,30.579,30.47,29.989,30.537,30.712,30.7,30.575,30.578,30.338,30.595,30.481,31.726,30.526,29.814,30.598,31.257,30.677,30.736,30.28,30.586,31.456,30.045,30.22,30.499,50.331,30.449,32.776,-1.0,-1.0,-1.0,-1.0
30.576,30.178,30.386,30.182,29.917,29.952,30.243,30.31,30.379,30.461,30.518,30.43,30.071,30.801,30.686,30.449,30.06,30.891,30.531,30.431,31.488,30.466,30.038,30.605,31.388,30.392,32.865,30.139,30.276,31.506,29.939,30.347,30.143,262.758,30.318,32.27,-1.0,-1.0,-1.0,-1.0
30.285,30.146,30.073,29.92,29.915,30.046,30.228,30.128,30.509,30.438,30.232,30.07,29.855,30.448,30.532,30.506,29.863,30.41,30.441,30.332,31.393,30.655,30.242,30.494,31.408,30.225,52.255,29.782,30.006,31.51,30.071,30.115,30.003,47.665,29.956,32.897,-1.0,-1.0,-1.0,-1.0
30.362,30.358,30.273,29.971,30.187,30.343,30.516,30.221,30.017,30.12,30.318,30.301,29.973,30.444,30.351,30.521,29.997,30.413,30.453,29.95,31.556,30.643,30.215,30.428,31.434,29.941,94.228,30.039,29.958,35.81,30.299,30.401,29.969,32.003,30.022,52.223,-1.0,-1.0,-1.0,-1.0
30.207,30.148,30.222,30.085,30.227,30.51,30.185,30.318,30.048,30.148,30.183,29.926,30.482,30.564,30.284,30.601,30.234,30.611,30.413,30.099,31.648,32.697,30.212,30.385,31.592,30.037,96.964,30.383,29.992,38.409,30.121,30.298,30.297,31.57,29.957,94.001,-1.0,-1.0,-1.0,-1.0
30.129,30.264,30.495,30.131,29.974,30.284,30.063,30.379,29.988,29.884,30.103,30.409,30.174,30.353,30.359,30.617,30.175,30.508,30.534,30.058,31.506,52.225,30.083,30.469,31.643,30.089,127.266,29.907,30.14,315.164,30.122,30.183,30.304,31.634,30.017,93.371,-1.0,-1.0,-1.0,-1.0
30.499,30.603,30.692,30.318,30.694,30.446,30.364,30.408,30.247,30.096,30.621,30.533,30.301,30.938,30.563,31.635,30.225,31.244,30.743,30.006,33.31,93.883,30.804,30.615,34.303,30.098,78.781,30.682,30.268,79.315,30.581,30.452,30.235,31.723,30.324,144.587,-1.0,-1.0,-1.0,-1.0
52.517,47.441,48.016,50.378,48.722,49.723,47.824,46.861,52.427,51.851,52.137,48.037,50.062,52.959,52.419,51.738,48.632,52.986,52.612,51.786,37.294,77.565,81.915,52.555,44.736,51.275,106.264,49.25,51.548,101.405,48.415,47.76,51.077,31.809,50.786,71.691,-1.0,-1.0,-1.0,-1.0
95.821,91.733,92.059,94.589,92.739,93.811,92.113,91.779,95.077,96.211,95.771,92.134,94.297,95.116,95.929,165.638,93.448,95.012,95.633,95.343,162.511,37.848,74.788,95.726,93.841,95.459,88.032,93.691,94.749,88.45,92.712,91.71,94.843,31.927,94.691,93.843,-1.0,-1.0,-1.0,-1.0
113.401,99.765,101.785,100.44,101.712,101.549,100.722,100.024,108.588,99.619,99.47,101.361,113.782,98.727,180.064,50.179,101.881,118.01,114.296,100.485,49.719,100.135,112.477,94.145,151.75,100.098,36.732,100.695,100.16,47.106,101.427,100.267,138.511,32.048,115.785,90.876,-1.0,-1.0,-1.0,-1.0
85.347,99.959,98.936,105.416,99.212,98.42,99.407,100.021,89.268,100.626,98.44,98.869,89.238,102.094,46.591,141.126,98.994,81.471,83.837,104.644,140.972,91.835,82.679,98.216,50.918,98.903,59.883,102.153,102.08,49.523,99.123,99.865,69.954,32.274,87.119,36.703,-1.0,-1.0,-1.0,-1.0
102.695,99.831,100.683,103.496,100.44,101.092,100.096,99.616,100.7,101.649,100.664,100.936,100.548,104.036,81.699,53.89,100.752,102.65,102.896,102.804,51.918,98.062,116.047,118.045,101.042,100.042,92.623,99.911,101.23,158.681,100.433,99.999,103.335,31.71,101.137,61.22,-1.0,-1.0,-1.0,-1.0
101.362,108.778,107.383,99.974,106.638,105.3,108.37,109.45,104.287,102.506,104.39,107.854,104.37,98.543,97.765,91.236,106.521,100.232,101.232,99.211,91.017,91.109,95.094,95.994,97.794,104.512,100.916,105.12,102.362,66.476,107.793,108.942,98.051,31.748,101.889,93.514,-1.0,-1.0,-1.0,-1.0
92.495,98.182,96.571,91.921,95.939,95.434,97.087,98.072,94.186,92.455,92.941,96.562,93.502,90.879,90.069,90.865,95.33,91.235,91.906,91.382,90.086,34.411,85.251,89.575,90.388,94.792,91.119,94.849,93.25,59.131,95.682,97.19,90.741,31.823,94.009,101.024,-1.0,-1.0,-1.0,-1.0
33.184,33.315,33.231,32.789,33.337,33.091,33.26,33.098,33.094,33.137,33.016,33.323,33.072,34.875,33.433,36.379,33.188,33.147,33.165,33.325,33.977,61.729,32.713,35.702,33.75,33.178,99.48,33.162,33.195,173.153,33.44,33.342,33.219,31.863,33.274,92.334,-1.0,-1.0,-1.0,-1.0
59.616,52.713,54.437,59.158,55.759,55.307,53.157,52.191,57.313,60.024,58.487,54.732,58.252,62.732,62.876,60.294,56.135,60.594,60.658,60.932,61.842,93.427,62.203,61.244,62.504,56.491,137.556,56.889,58.761,62.013,56.432,53.862,61.887,31.787,57.647,108.182,-1.0,-1.0,-1.0,-1.0
94.524,92.537,92.814,94.597,93.018,92.969,92.902,92.835,94.116,94.72,94.895,92.853,94.366,93.803,93.982,148.56,93.205,94.498,94.255,94.627,93.263,100.716,94.215,93.823,93.969,93.508,76.952,94.278,94.152,82.24,94.301,92.714,94.417,31.773,94.394,101.978,-1.0,-1.0,-1.0,-1.0
100.65,99.956,99.889,100.353,99.519,99.821,99.99,100.082,99.356,100.649,100.285,99.969,99.456,101.051,100.659,54.868,99.47,100.823,100.711,101.011,100.805,77.772,100.352,100.98,100.471,99.497,75.537,99.213,99.644,71.1,99.284,99.906,99.873,31.805,99.573,104.483,-1.0,-1.0,-1.0,-1.0
94.279,118.679,101.604,94.287,101.672,115.795,116.433,102.86,94.387,93.977,94.265,116.302,94.391,93.072,92.981,154.825,101.141,138.874,113.935,92.933,168.594,42.061,93.062,119.765,176.467,94.441,33.267,93.986,94.532,33.696,99.988,102.003,93.342,37.913,93.991,75.189,-1.0,-1.0,-1.0,-1.0
99.141,92.325,112.62,99.295,106.528,93.984,92.354,107.539,99.717,99.398,99.138,94.574,99.783,99.589,99.637,55.487,108.828,65.891,89.612,100.022,57.774,148.871,100.103,79.862,58.854,100.172,30.442,100.44,99.343,31.188,109.096,107.168,99.966,32.305,99.995,34.18,-1.0,-1.0,-1.0,-1.0
100.854,100.957,101.797,100.209,100.743,100.526,100.503,100.624,99.712,100.62,100.016,100.6,99.353,101.201,100.741,127.569,100.807,102.261,101.28,100.087,74.357,61.73,100.448,101.615,70.121,99.978,30.665,99.662,99.764,31.551,101.376,100.593,100.823,31.535,99.421,31.198,-1.0,-1.0,-1.0,-1.0
101.125,101.592,102.758,101.528,101.834,102.191,101.026,101.459,101.122,101.507,101.453,102.382,101.546,100.658,101.144,64.411,102.899,105.421,103.085,101.552,103.167,75.447,101.202,102.772,105.888,100.072,30.655,100.548,101.439,31.549,102.774,101.868,101.206,31.888,101.504,-1.0,-1.0,-1.0,-1.0,-1.0
90.912,84.133,77.67,91.799,83.591,82.453,86.383,85.643,95.421,90.248,92.567,81.577,93.843,87.241,88.054,69.124,80.519,74.396,78.906,89.724,77.053,75.473,88.506,78.521,73.41,96.959,30.45,96.058,93.576,31.503,79.711,84.848,89.067,32.06,94.659,-1.0,-1.0,-1.0,-1.0,-1.0
33.786,33.534,33.194,33.876,33.466,33.168,33.55,33.33,33.739,33.741,33.999,33.565,34.072,33.642,33.481,33.102,33.138,33.168,33.31,33.746,33.259,33.208,33.62,32.906,33.102,33.701,31.748,33.761,33.734,31.449,33.156,33.302,33.711,31.514,33.792,-1.0,-1.0,-1.0,-1.0,-1.0
30.639,30.518,30.519,30.418,30.695,30.562,30.785,30.435,30.505,30.656,30.421,30.591,30.638,30.787,30.428,30.624,30.592,30.48,30.657,30.741,30.617,30.588,30.417,30.597,30.596,30.49,30.526,30.497,30.487,31.48,30.68,30.455,30.753,31.707,30.435,-1.0,-1.0,-1.0,-1.0,-1.0
30.489,30.49,30.432,30.378,30.59,30.493,30.535,30.487,30.418,30.453,30.336,30.485,30.417,30.696,30.45,30.557,30.561,30.56,30.49,30.473,30.571,30.402,30.384,30.652,30.648,30.434,30.375,30.429,30.412,31.513,30.62,30.483,30.574,31.74,30.466,-1.0,-1.0,-1.0,-1.0,-1.0
30.371,30.364,30.405,30.343,30.382,30.365,30.385,30.297,30.296,30.401,30.383,30.514,30.413,30.546,30.279,30.669,30.414,30.55,30.659,30.334,30.528,30.477,30.34,30.491,30.495,30.28,30.767,30.311,30.316,31.623,30.568,30.332,30.27,31.71,30.278,-1.0,-1.0,-1.0,-1.0,-1.0
30.713,30.88,30.676,30.414,30.612,30.858,30.85,30.859,30.484,30.674,30.302,30.692,30.836,30.62,30.197,30.437,30.578,30.428,30.506,30.719,30.626,30.928,30.688,30.702,30.579,30.465,30.774,30.511,30.379,31.784,30.602,30.922,30.91,31.821,31.349,-1.0,-1.0,-1.0,-1.0,-1.0
30.695,30.39,30.963,30.709,30.631,31.099,30.965,30.523,30.61,30.318,30.841,30.989,30.285,30.849,30.656,31.215,30.466,31.728,30.967,30.605,31.931,31.386,30.362,31.115,31.029,30.643,30.265,30.577,30.598,31.72,30.823,30.647,30.784,31.755,74.19,-1.0,-1.0,-1.0,-1.0,-1.0
30.133,29.768,29.954,30.296,30.014,29.982,29.698,29.809,30.522,30.3,30.209,30.042,30.338,29.965,30.294,30.344,29.99,30.634,30.071,30.321,30.694,30.402,30.292,30.09,30.514,30.484,30.414,30.457,30.54,31.857,29.851,29.823,30.033,31.775,49.269,-1.0,-1.0,-1.0,-1.0,-1.0
30.628,30.465,30.501,30.66,30.362,30.416,30.421,30.493,30.513,30.672,30.538,30.242,30.679,30.383,30.396,30.73,30.232,30.859,30.181,30.523,30.431,30.591,30.436,30.135,31.331,30.502,30.493,30.528,30.641,31.968,30.221,30.604,30.412,31.833,-1.0,-1.0,-1.0,-1.0,-1.0,-1.0
30.878,30.884,30.713,30.767,30.696,30.732,30.565,30.743,30.457,30.871,30.462,30.829,30.682,30.797,30.799,30.304,30.918,31.227,30.816,30.906,30.901,30.288,30.482,30.666,30.856,30.458,30.522,30.475,30.812,31.96,30.748,31.015,31.171,31.87,-1.0,-1.0,-1.0,-1.0,-1.0,-1.0
30.318,30.252,30.376,30.323,30.364,30.392,30.366,30.211,30.532,30.277,30.542,30.498,30.427,30.406,30.586,30.493,30.288,30.78,30.493,30.634,30.836,30.05,30.575,30.443,30.739,30.548,30.603,30.538,30.469,32.085,30.208,30.358,30.385,31.885,-1.0,-1.0,-1.0,-1.0,-1.0,-1.0
30.27,30.375,30.199,30.374,30.51,30.461,30.219,30.451,30.474,30.564,30.515,30.197,30.414,30.467,30.391,30.311,30.288,30.657,30.261,30.604,30.714,30.18,30.379,30.49,30.869,30.506,30.567,30.449,30.384,32.171,30.498,30.173,30.315,31.905,-1.0,-1.0,-1.0,-1.0,-1.0,-1.0
30.472,30.477,30.323,30.449,30.511,30.614,30.492,30.224,30.496,30.381,30.517,30.158,30.487,30.635,30.434,30.179,30.485,30.683,30.366,30.56,30.6,30.347,30.492,30.524,30.567,30.458,30.627,30.461,30.474,32.128,30.309,30.483,30.152,32.463,-1.0,-1.0,-1.0,-1.0,-1.0,-1.0
30.385,30.299,30.477,30.262,30.446,30.174,30.481,30.385,30.52,30.356,30.448,30.287,30.365,30.472,30.408,30.361,30.287,30.737,30.511,30.512,30.81,30.633,30.318,30.653,30.575,30.512,30.628,30.562,30.386,92.252,30.232,30.503,30.207,55.484,-1.0,-1.0,-1.0,-1.0,-1.0,-1.0
30.668,30.379,30.372,30.474,30.543,30.384,30.598,30.438,30.429,30.311,30.437,30.43,30.82,30.402,30.48,30.336,30.346,30.571,30.275,30.286,30.514,30.236,30.465,30.099,30.717,30.354,30.699,30.389,30.519,50.672,30.538,30.577,30.547,65.362,-1.0,-1.0,-1.0,-1.0,-1.0,-1.0
30.357,30.396,30.419,30.355,30.537,30.503,30.305,30.356,30.354,30.555,30.375,30.699,30.68,30.609,30.43,30.421,30.495,30.674,30.367,30.585,30.686,30.51,30.369,30.619,30.972,30.334,30.678,30.409,30.49,32.312,30.203,30.32,30.274,35.872,-1.0,-1.0,-1.0,-1.0,-1.0,-1.0
30.28,30.376,30.262,30.392,30.276,30.353,30.283,30.393,30.37,30.168,30.332,30.22,30.179,30.357,30.487,30.442,30.256,30.669,30.435,30.048,30.661,30.288,30.383,30.555,31.403,30.438,30.702,30.367,30.193,32.351,30.297,30.289,30.324,31.536,-1.0,-1.0,-1.0,-1.0,-1.0,-1.0
30.446,30.416,30.427,30.441,30.534,30.228,30.165,30.433,30.437,30.48,30.469,30.407,30.387,30.285,30.392,30.364,30.413,30.69,30.299,30.362,30.708,30.342,30.44,30.306,31.13,30.421,30.713,30.402,30.436,32.553,30.511,30.337,30.491,31.82,-1.0,-1.0,-1.0,-1.0,-1.0,-1.0
30.417,30.436,30.44,30.419,30.622,30.468,30.532,30.4,30.386,30.366,30.429,30.172,30.183,30.428,30.505,30.38,30.497,30.633,30.693,30.325,30.597,30.319,30.386,30.296,31.17,30.378,30.719,30.422,30.398,32.319,30.386,30.48,30.364,31.515,-1.0,-1.0,-1.0,-1.0,-1.0,-1.0
30.539,30.277,30.332,30.4,30.26,30.4,30.323,30.452,30.307,30.361,30.253,30.551,30.437,30.642,30.377,30.854,30.363,30.634,30.293,30.349,30.649,31.364,30.461,30.655,31.139,30.379,30.716,30.312,30.288,32.116,30.572,30.234,30.468,31.726,-1.0,-1.0,-1.0,-1.0,-1.0,-1.0
30.458,30.308,30.448,30.462,30.39,30.428,30.402,30.318,30.322,30.43,30.353,30.312,30.46,30.171,30.316,30.66,30.326,30.627,30.35,30.51,30.537,30.472,30.339,30.153,31.193,30.301,30.727,30.317,30.517,32.066,30.164,30.393,30.316,32.59,-1.0,-1.0,-1.0,-1.0,-1.0,-1.0
30.465,30.409,30.385,30.316,30.434,30.711,30.493,30.5,30.354,30.499,30.364,30.045,30.547,30.571,30.336,30.431,30.311,30.547,30.185,30.644,30.567,30.592,30.448,30.214,31.197,30.257,30.722,30.311,30.291,32.09,30.287,30.546,30.083,31.575,-1.0,-1.0,-1.0,-1.0,-1.0,-1.0
30.503,30.358,30.322,30.372,30.408,30.242,30.389,30.313,30.485,30.698,30.393,30.336,30.515,30.426,30.28,30.397,30.358,30.553,30.368,30.436,30.519,30.355,30.369,30.363,31.187,30.486,30.657,30.477,30.657,32.232,30.616,30.324,30.303,32.026,-1.0,-1.0,-1.0,-1.0,-1.0,-1.0
30.366,30.435,30.267,30.419,30.286,30.123,30.313,30.518,30.353,30.448,30.415,30.308,30.328,30.389,30.447,30.446,30.499,30.524,30.466,30.324,30.604,30.332,30.483,30.263,31.329,30.484,30.671,30.408,30.497,37.791,30.566,30.345,30.374,31.685,-1.0,-1.0,-1.0,-1.0,-1.0,-1.0
30.371,30.378,30.27,30.362,30.263,30.544,30.343,30.393,30.434,30.614,30.4,30.585,30.21,30.285,30.509,30.521,30.628,30.572,30.365,30.354,30.444,30.201,30.519,30.306,31.303,30.433,30.664,30.421,30.712,32.907,30.478,30.302,30.336,31.599,-1.0,-1.0,-1.0,-1.0,-1.0,-1.0
30.486,30.51,30.618,30.588,30.554,30.558,30.42,30.503,30.444,30.482,30.522,30.412,30.621,30.521,30.826,30.343,30.393,30.68,30.491,30.536,30.628,30.211,30.605,30.602,31.313,30.389,30.613,30.449,30.597,32.981,30.557,30.41,30.44,31.61,-1.0,-1.0,-1.0,-1.0,-1.0,-1.0
30.68,30.66,30.612,30.57,30.575,30.579,30.527,30.433,30.496,30.448,30.594,30.503,30.577,30.578,30.537,30.359,30.502,30.463,30.577,30.458,30.658,30.304,30.528,30.533,31.404,30.478,30.671,30.484,30.248,31.746,30.458,30.513,30.527,31.787,-1.0,-1.0,-1.0,-1.0,-1.0,-1.0
30.623,30.955,30.688,31.261,30.654,30.61,30.621,30.431,30.442,30.692,30.48,30.772,30.836,30.528,30.784,30.374,30.365,30.718,30.582,30.647,30.686,30.543,30.604,30.672,31.188,30.461,30.518,30.457,30.855,31.911,30.807,30.674,30.354,31.613,-1.0,-1.0,-1.0,-1.0,-1.0,-1.0
30.621,30.069,30.014,29.793,30.332,30.522,30.152,30.498,30.421,30.277,30.364,29.931,30.281,30.633,30.26,30.451,30.211,30.664,30.556,30.528,30.64,30.522,30.113,30.438,31.334,30.399,30.432,30.43,30.212,68.939,30.25,30.328,30.178,31.832,-1.0,-1.0,-1.0,-1.0,-1.0,-1.0
30.182,30.285,30.326,30.36,30.088,29.991,30.277,30.362,30.505,30.336,30.408,30.592,30.111,30.462,30.158,30.4,30.398,30.639,30.233,30.402,30.691,30.417,30.3,30.306,31.483,30.458,30.685,30.477,29.877,48.54,30.172,30.25,30.442,31.713,-1.0,-1.0,-1.0,-1.0,-1.0,-1.0
30.541,30.418,30.398,30.492,30.405,30.453,30.481,30.341,30.372,30.455,30.427,30.38,30.409,30.256,30.306,30.374,30.398,30.626,30.455,30.143,30.653,30.308,30.439,30.377,31.385,30.486,30.671,30.387,30.49,32.276,30.292,30.296,30.399,31.807,-1.0,-1.0,-1.0,-1.0,-1.0,-1.0
30.322,30.346,30.459,30.362,30.364,30.292,30.396,30.428,30.295,30.812,30.314,30.234,30.305,30.471,30.397,30.337,30.47,30.554,30.459,30.518,30.553,30.255,30.314,30.735,31.578,30.407,30.495,30.224,30.999,32.019,31.007,30.327,30.336,32.278,-1.0,-1.0,-1.0,-1.0,-1.0,-1.0
30.155,30.309,30.153,30.221,30.223,30.177,30.294,30.256,30.259,30.345,30.251,30.383,30.177,30.897,30.442,30.534,30.266,30.544,30.177,30.409,30.545,30.57,30.367,30.348,31.652,30.27,30.552,30.262,30.344,32.019,30.259,30.308,30.219,31.925,-1.0,-1.0,-1.0,-1.0,-1.0,-1.0
30.105,30.368,30.42,30.389,30.226,30.174,30.357,30.461,30.521,29.992,30.48,30.35,30.151,30.128,30.306,30.413,30.573,30.468,30.251,30.228,30.435,30.127,30.43,30.307,31.62,30.644,30.463,30.615,31.075,32.194,30.133,30.392,30.52,31.737,-1.0,-1.0,-1.0,-1.0,-1.0,-1.0
30.645,30.444,30.467,30.472,30.446,30.553,30.493,30.563,30.554,30.35,30.58,30.52,30.455,30.048,30.465,30.404,30.587,30.626,30.471,30.166,30.679,30.394,30.559,30.184,31.683,30.547,30.323,30.529,30.015,31.94,30.244,30.56,30.553,31.695,-1.0,-1.0,-1.0,-1.0,-1.0,-1.0
30.305,30.379,30.565,30.464,30.356,30.367,30.437,30.372,30.489,30.539,30.48,30.541,30.488,30.101,30.63,30.355,30.434,30.773,30.311,30.452,30.712,30.354,30.429,30.386,31.585,30.341,30.264,30.494,30.541,31.792,30.544,30.502,30.489,31.737,-1.0,-1.0,-1.0,-1.0,-1.0,-1.0
30.468,30.318,30.342,30.474,30.638,30.317,30.329,30.338,30.383,30.661,30.687,30.426,30.442,30.351,30.936,30.305,30.336,30.534,30.677,30.301,30.533,30.414,30.562,30.588,31.503,30.408,30.554,30.395,30.567,31.644,30.287,30.421,30.402,32.248,-1.0,-1.0,-1.0,-1.0,-1.0,-1.0
30.095,30.404,30.215,30.113,30.347,30.243,30.163,30.416,30.207,30.107,30.235,30.315,30.195,30.44,30.163,30.4,30.219,30.523,30.233,30.203,30.496,30.424,30.092,30.387,31.56,30.365,30.579,30.215,30.269,31.624,30.313,30.273,30.163,32.769,-1.0,-1.0,-1.0,-1.0,-1.0,-1.0
30.373,30.331,30.459,30.215,30.265,30.41,30.364,30.249,30.271,30.252,30.225,30.526,30.342,30.345,30.203,30.382,30.289,30.363,30.24,30.268,30.428,30.259,30.218,30.294,31.579,30.219,30.411,30.204,30.397,31.508,30.223,30.214,30.284,31.588,-1.0,-1.0,-1.0,-1.0,-1.0,-1.0
30.356,30.582,30.378,30.514,30.453,30.418,30.49,30.618,30.466,30.406,30.615,30.312,30.512,30.382,30.385,30.423,30.468,30.327,30.579,30.537,30.321,30.457,30.358,30.332,31.569,30.483,30.342,30.487,30.248,31.432,30.203,30.434,30.467,32.376,-1.0,-1.0,-1.0,-1.0,-1.0,-1.0
30.477,30.096,30.542,30.845,30.458,30.488,29.989,30.6,30.332,30.478,30.244,30.493,30.379,30.513,30.309,30.352,30.349,30.286,30.333,30.308,30.298,30.43,30.499,30.365,33.606,30.244,30.305,30.312,30.375,31.425,30.324,30.164,30.385,31.909,-1.0,-1.0,-1.0,-1.0,-1.0,-1.0
30.701,30.257,30.184,30.05,30.336,30.332,30.407,30.203,30.491,30.142,30.539,30.275,30.719,30.528,30.326,30.244,30.423,30.515,30.516,30.688,30.529,30.54,30.412,30.726,32.087,30.479,30.27,30.41,30.658,31.307,30.45,30.277,30.486,32.04,-1.0,-1.0,-1.0,-1.0,-1.0,-1.0
30.164,30.389,30.333,30.364,30.227,30.051,30.547,30.393,30.427,30.378,30.363,30.152,30.186,30.329,30.187,30.895,30.365,30.557,30.263,30.138,30.539,30.329,30.351,30.319,31.447,30.295,30.229,30.373,30.288,31.372,30.17,30.412,30.398,31.65,-1.0,-1.0,-1.0,-1.0,-1.0,-1.0
30.357,30.323,30.628,30.594,30.632,30.746,30.474,30.423,30.318,30.633,30.641,30.489,30.651,30.173,30.402,30.395,30.557,30.477,30.439,30.489,30.441,30.392,30.493,30.206,31.509,30.358,30.582,30.35,30.316,72.842,30.512,30.394,30.473,31.705,-1.0,-1.0,-1.0,-1.0,-1.0,-1.0
30.233,30.525,30.354,30.298,30.383,30.18,30.355,30.763,30.462,30.31,30.274,30.421,30.339,30.29,30.34,30.679,30.276,30.312,30.29,30.337,30.333,30.342,30.224,30.344,31.495,30.57,30.411,30.526,30.327,48.023,30.305,30.435,30.293,31.669,-1.0,-1.0,-1.0,-1.0,-1.0,-1.0
30.543,30.72,30.567,30.404,30.408,30.573,30.629,30.543,30.498,30.4,30.422,30.553,30.717,30.416,30.637,30.651,30.741,30.277,30.466,30.55,30.295,30.453,30.664,30.49,31.494,31.046,30.318,30.719,30.586,32.766,30.714,30.87,30.721,31.964,-1.0,-1.0,-1.0,-1.0,-1.0,-1.0
30.846,30.629,30.652,30.543,30.642,30.65,30.566,30.522,30.853,30.648,30.48,30.758,30.798,30.754,30.749,30.375,30.558,30.376,30.728,30.892,30.345,30.597,30.695,30.611,31.468,30.613,30.328,30.596,30.808,36.551,30.74,30.656,30.718,31.707,-1.0,-1.0,-1.0,-1.0,-1.0,-1.0
30.406,30.405,30.532,30.512,30.717,30.539,30.483,30.698,30.539,30.478,30.582,30.474,30.453,30.649,30.476,30.36,30.589,30.234,30.454,30.374,30.292,30.633,30.548,30.437,31.763,30.797,30.471,30.408,30.593,31.636,30.476,30.54,30.381,47.211,-1.0,-1.0,-1.0,-1.0,-1.0,-1.0
30.595,30.395,30.663,30.467,30.53,30.632,30.528,30.631,30.507,30.359,30.466,30.296,30.69,30.491,30.258,30.327,30.491,30.496,30.592,30.422,30.435,30.478,30.4,30.488,31.003,30.246,30.331,30.549,30.492,31.331,30.618,30.302,30.408,65.22,-1.0,-1.0,-1.0,-1.0,-1.0,-1.0
30.329,30.362,30.388,30.341,30.436,30.377,30.27,30.361,30.378,30.345,30.29,30.313,30.185,30.332,30.42,30.432,30.273,30.408,30.371,30.674,30.417,30.534,30.229,30.466,30.988,30.337,30.268,30.303,30.398,31.217,30.208,30.302,30.368,101.778,-1.0,-1.0,-1.0,-1.0,-1.0,-1.0
30.58,30.176,30.268,30.665,30.416,30.306,30.253,30.345,30.665,30.615,30.727,30.426,30.197,30.349,30.374,30.457,30.589,30.335,30.346,30.455,30.352,30.272,30.293,30.498,31.43,30.338,30.294,30.224,30.211,31.344,30.553,30.182,30.359,99.96,-1.0,-1.0,-1.0,-1.0,-1.0,-1.0
30.545,30.133,30.535,30.235,30.422,30.529,30.177,30.359,29.987,30.214,30.346,30.257,30.525,30.241,30.526,30.391,30.225,30.376,30.467,30.564,30.313,30.485,30.627,30.556,31.293,30.036,30.296,30.115,30.255,32.402,30.53,30.062,30.143,99.252,-1.0,-1.0,-1.0,-1.0,-1.0,-1.0
30.01,30.29,30.301,29.973,30.409,30.306,30.24,30.127,30.083,30.217,30.173,30.06,30.384,30.465,30.109,30.466,30.09,30.396,30.364,30.372,30.447,30.294,29.938,30.28,31.429,29.986,30.373,30.288,30.477,31.562,30.143,30.209,30.205,91.143,-1.0,-1.0,-1.0,-1.0,-1.0,-1.0
30.234,30.165,29.888,30.17,30.049,30.149,30.172,29.957,30.256,29.966,30.024,30.063,30.008,30.366,29.795,30.47,30.076,30.348,30.034,30.313,30.325,30.373,30.166,30.351,31.339,30.22,30.466,30.156,29.935,32.092,29.943,30.18,30.227,100.979,-1.0,-1.0,-1.0,-1.0,-1.0,-1.0
29.94,30.078,29.934,30.07,30.122,30.137,30.245,30.044,30.053,29.965,30.315,30.127,29.991,30.08,30.242,30.494,30.028,30.24,30.042,30.13,30.275,30.197,30.149,30.228,31.417,30.154,30.559,30.084,30.055,31.796,29.814,30.073,30.051,108.79,-1.0,-1.0,-1.0,-1.0,-1.0,-1.0
30.51,29.876,30.21,30.084,30.08,29.991,30.072,30.185,30.062,30.179,30.277,30.144,30.091,30.068,30.033,30.416,30.085,30.304,30.204,30.011,30.312,30.184,30.192,30.262,31.699,30.202,30.428,29.869,30.089,31.476,30.318,29.877,29.944,104.698,-1.0,-1.0,-1.0,-1.0,-1.0,-1.0
30.155,30.172,29.951,30.045,30.079,30.303,29.937,30.282,29.993,30.21,30.36,30.188,30.269,30.17,30.191,30.458,30.147,30.296,30.017,30.149,30.3,30.172,30.084,30.079,31.585,30.053,30.345,30.17,30.199,31.571,30.122,30.014,29.893,109.522,-1.0,-1.0,-1.0,-1.0,-1.0,-1.0
30.141,30.27,29.929,29.981,30.108,30.109,30.171,30.233,29.99,30.214,30.066,29.82,30.513,30.133,30.24,30.485,29.952,30.403,30.413,30.274,30.371,30.095,29.967,29.952,31.536,30.136,30.312,30.225,30.224,31.91,29.802,30.351,30.192,73.98,-1.0,-1.0,-1.0,-1.0,-1.0,-1.0
29.82,30.277,29.905,29.991,29.995,30.016,30.331,30.058,30.467,30.197,30.13,30.314,30.082,30.315,29.986,30.598,30.342,30.554,30.175,30.18,30.499,30.109,30.284,30.213,31.637,30.344,30.006,30.218,29.944,31.516,30.333,30.043,30.211,33.155,-1.0,-1.0,-1.0,-1.0,-1.0,-1.0
30.202,30.02,30.251,30.366,30.122,30.034,30.419,30.047,30.304,30.079,30.245,30.384,29.989,29.889,30.358,30.612,30.177,30.577,29.991,30.042,30.536,30.085,29.912,30.03,31.532,30.181,30.182,30.003,29.781,68.167,30.188,29.998,30.209,31.367,-1.0,-1.0,-1.0,-1.0,-1.0,-1.0
30.307,58.252,30.14,30.104,30.413,30.377,30.06,30.431,30.256,30.369,30.011,30.178,30.36,30.268,30.037,30.499,30.115,30.288,30.313,30.203,30.409,30.192,30.173,30.347,31.505,29.996,30.297,48.616,30.24,47.206,30.325,30.256,30.098,30.99,-1.0,-1.0,-1.0,-1.0,-1.0,-1.0
30.118,45.321,30.1,30.243,30.088,30.077,30.186,30.051,30.188,30.103,30.154,30.153,30.186,30.082,30.083,30.492,30.051,30.344,30.175,30.222,30.378,30.111,30.311,30.262,31.538,49.528,30.181,53.405,30.051,32.136,30.142,30.291,30.28,31.147,-1.0,-1.0,-1.0,-1.0,-1.0,-1.0
30.03,30.058,30.093,30.054,30.024,30.058,30.188,30.086,30.198,30.202,30.014,30.134,29.964,30.313,30.104,30.78,30.181,30.326,30.005,30.098,30.271,30.218,30.334,30.071,31.489,53.933,32.294,30.541,30.112,31.652,30.053,30.295,30.515,44.9,-1.0,-1.0,-1.0,-1.0,-1.0,-1.0
30.003,29.901,30.443,48.343,30.147,30.166,30.421,30.22,30.358,30.039,30.197,30.446,30.134,30.08,30.456,30.778,30.411,30.085,30.089,30.052,30.13,30.113,30.284,30.14,31.487,29.894,31.079,30.12,30.06,31.301,30.501,30.449,30.247,91.509,-1.0,-1.0,-1.0,-1.0,-1.0,-1.0
30.52,29.929,30.556,52.683,30.284,30.424,30.235,30.413,30.329,30.519,30.442,30.387,30.318,30.048,30.476,30.758,30.244,30.156,30.344,30.047,30.153,29.997,30.427,30.023,32.117,29.685,49.172,30.173,30.737,31.243,30.48,30.396,30.179,94.419,-1.0,-1.0,-1.0,-1.0,-1.0,-1.0
30.222,29.649,29.994,30.529,30.234,30.234,61.117,30.069,57.892,30.195,30.139,30.034,30.307,30.52,30.142,30.733,30.283,61.899,30.247,51.569,30.526,30.086,30.179,62.98,39.767,29.715,54.472,29.88,30.548,31.375,30.125,30.275,59.056,94.633,-1.0,-1.0,-1.0,-1.0,-1.0,-1.0
30.348,30.139,30.182,30.608,30.33,30.345,45.456,30.21,45.557,30.719,51.57,58.991,30.427,50.964,60.508,30.816,30.422,45.429,30.413,53.96,30.646,30.131,60.711,46.335,63.681,30.038,31.265,30.565,51.673,31.421,30.317,30.422,45.247,127.091,-1.0,-1.0,-1.0,-1.0,-1.0,-1.0
57.713,30.145,48.565,30.142,30.258,30.087,50.271,69.237,30.344,54.088,54.072,45.225,30.23,56.316,45.316,31.249,70.979,31.299,69.053,30.531,32.055,41.272,44.998,51.613,45.528,30.065,30.656,30.179,53.904,31.455,50.748,49.031,30.502,83.703,-1.0,-1.0,-1.0,-1.0,-1.0,-1.0
44.744,30.081,53.694,30.089,30.501,30.8,45.518,60.555,30.026,52.96,29.805,30.028,30.245,30.494,29.861,31.076,55.431,31.11,45.822,30.047,59.693,32.247,30.107,67.551,31.058,30.091,30.533,30.114,30.089,31.572,52.047,53.418,29.765,33.443,-1.0,-1.0,-1.0,-1.0,-1.0,-1.0
30.227,30.02,29.796,30.016,30.801,59.538,30.635,31.032,29.809,30.391,29.701,29.706,59.094,30.384,29.712,30.861,31.33,30.911,31.229,30.092,46.368,58.328,29.69,46.841,30.616,30.107,30.353,30.003,30.102,31.94,30.123,29.896,30.014,31.077,-1.0,-1.0,-1.0,-1.0,-1.0,-1.0
29.984,29.736,48.889,29.761,49.56,45.491,30.809,29.933,29.764,30.256,29.629,30.062,45.233,30.261,29.627,60.388,31.075,30.588,30.845,30.026,31.152,46.291,29.683,31.613,30.499,29.801,30.449,29.746,54.125,33.564,29.749,29.919,30.006,31.237,-1.0,-1.0,-1.0,-1.0,-1.0,-1.0
29.854,29.919,44.95,29.875,50.568,30.361,30.787,29.821,29.601,30.417,29.733,29.842,30.48,30.324,29.852,45.885,31.039,30.346,30.738,30.014,30.625,30.853,29.661,31.459,30.377,29.885,30.539,29.916,66.521,32.056,29.653,30.063,30.142,31.326,-1.0,-1.0,-1.0,-1.0,-1.0,-1.0
29.909,29.826,30.437,29.844,30.289,30.032,30.75,30.0,29.749,30.563,29.854,29.995,30.442,30.316,29.767,30.865,31.147,30.166,30.672,30.083,30.452,30.48,29.732,31.49,50.486,29.873,30.629,29.849,45.866,34.216,29.729,30.037,29.941,31.341,-1.0,-1.0,-1.0,-1.0,-1.0,-1.0
29.873,29.973,30.402,30.027,48.186,49.43,30.896,30.02,29.796,30.484,29.619,29.758,29.942,30.136,29.707,30.416,30.734,30.373,30.44,30.022,30.392,30.397,29.626,30.692,45.74,29.965,30.674,29.985,30.333,32.798,29.796,29.738,29.904,31.398,-1.0,-1.0,-1.0,-1.0,-1.0,-1.0
29.814,30.029,30.1,29.955,44.995,45.761,30.898,30.077,29.713,30.321,29.56,29.856,29.999,30.309,29.725,30.443,30.994,30.454,30.435,30.138,30.654,30.382,29.691,29.989,31.617,30.093,30.586,29.969,30.048,32.827,29.707,29.667,29.701,31.481,-1.0,-1.0,-1.0,-1.0,-1.0,-1.0
29.706,30.058,29.881,30.136,30.58,30.678,30.892,29.978,29.67,30.315,29.625,29.712,30.119,30.443,29.779,30.378,31.098,30.283,30.381,30.027,30.266,30.393,29.663,29.939,32.799,30.013,30.542,30.122,30.01,32.952,29.765,29.733,29.72,31.551,-1.0,-1.0,-1.0,-1.0,-1.0,-1.0
29.811,29.985,30.105,29.938,30.146,30.414,30.939,30.105,29.813,30.352,30.0,29.795,29.901,30.268,30.058,30.58,30.898,30.345,30.596,29.957,30.185,30.496,29.875,30.125,31.202,30.104,30.324,29.943,30.096,50.956,29.682,29.631,29.811,31.908,-1.0,-1.0,-1.0,-1.0,-1.0,-1.0
29.722,30.012,29.964,29.969,29.939,30.683,31.03,29.977,30.145,30.558,29.881,29.783,30.049,30.528,30.235,30.659,30.453,30.199,30.666,30.03,30.364,30.469,29.761,30.231,30.92,30.091,30.175,29.994,30.144,137.592,30.057,30.313,29.851,52.995,-1.0,-1.0,-1.0,-1.0,-1.0,-1.0
29.769,29.999,29.928,30.056,29.913,30.623,31.029,30.08,29.841,30.619,29.79,29.702,30.029,30.577,30.275,30.65,30.537,30.07,30.596,30.196,30.132,30.475,29.689,30.136,31.37,30.049,30.045,30.021,30.241,56.857,29.905,29.735,29.629,68.478,-1.0,-1.0,-1.0,-1.0,-1.0,-1.0
29.872,30.052,29.8,30.042,29.798,30.629,30.953,30.255,29.874,30.55,29.842,29.818,29.944,30.56,30.443,31.174,30.53,30.53,30.662,30.377,30.472,30.477,30.02,30.766,31.232,30.037,30.047,30.048,30.297,146.295,29.963,29.874,29.958,31.768,-1.0,-1.0,-1.0,-1.0,-1.0,-1.0
29.791,30.06,29.906,30.038,29.921,30.526,30.926,29.785,30.128,30.648,29.672,29.855,29.726,30.668,30.386,30.537,30.717,30.149,30.485,30.438,30.197,30.226,29.68,30.322,30.94,30.236,30.37,30.056,30.2,61.914,30.112,30.079,29.843,31.979,-1.0,-1.0,-1.0,-1.0,-1.0,-1.0
29.983,29.94,29.809,30.026,29.776,30.486,30.843,30.132,29.808,30.594,29.813,29.665,30.205,30.579,30.24,30.646,30.193,30.388,30.345,30.35,30.378,30.463,29.72,30.591,31.023,29.815,30.341,29.999,30.052,63.155,29.962,29.806,29.931,-1.0,-1.0,-1.0,-1.0,-1.0,-1.0,-1.0
29.787,30.034,30.047,29.915,30.489,30.501,30.817,30.137,29.674,30.591,30.166,29.765,29.825,30.53,30.371,30.839,30.309,30.235,30.207,30.904,30.108,30.053,29.628,30.82,31.081,29.698,30.38,29.937,30.027,93.791,29.873,29.872,29.628,-1.0,-1.0,-1.0,-1.0,-1.0,-1.0,-1.0
29.878,29.889,29.975,29.992,30.077,30.547,30.615,30.05,29.893,30.4,29.672,29.967,29.717,30.362,30.187,30.387,30.563,30.131,30.0,30.944,29.991,30.004,30.092,30.923,31.183,30.039,30.357,29.965,30.387,100.02,29.829,30.195,29.71,-1.0,-1.0,-1.0,-1.0,-1.0,-1.0,-1.0
30.024,30.141,29.861,30.128,29.858,30.561,30.33,30.355,30.427,30.374,29.724,30.043,29.967,30.346,30.007,30.553,30.69,30.333,30.065,31.126,30.023,30.075,29.899,31.003,31.277,30.032,30.429,30.135,30.378,100.007,29.968,30.071,29.769,-1.0,-1.0,-1.0,-1.0,-1.0,-1.0,-1.0
30.393,30.168,29.859,30.123,29.761,30.564,30.348,29.953,30.149,30.312,29.942,29.924,29.848,30.379,29.841,30.588,30.735,30.443,30.359,31.112,30.234,30.246,30.264,30.308,31.238,29.959,30.43,30.153,30.414,129.273,30.022,30.185,30.217,-1.0,-1.0,-1.0,-1.0,-1.0,-1.0,-1.0
29.965,30.029,29.918,30.075,30.187,30.669,30.373,30.109,30.114,30.247,30.217,30.046,29.937,30.259,29.758,30.436,30.859,30.565,30.348,31.652,30.386,30.403,29.671,30.519,31.273,29.91,33.224,30.058,30.33,71.434,29.878,30.021,29.994,-1.0,-1.0,-1.0,-1.0,-1.0,-1.0,-1.0
29.83,29.941,30.043,29.89,29.769,30.896,30.367,30.028,30.023,30.379,29.853,29.826,29.878,30.488,29.986,30.431,30.942,30.536,30.388,32.182,30.431,30.408,29.955,30.658,31.35,30.314,62.665,29.937,30.428,32.86,30.054,29.909,30.041,-1.0,-1.0,-1.0,-1.0,-1.0,-1.0,-1.0
29.997,30.081,29.911,30.089,29.904,30.949,30.348,30.196,29.893,30.521,30.239,30.019,30.043,30.336,30.034,30.394,30.966,30.585,30.371,32.081,30.277,30.322,30.023,30.978,43.525,30.142,53.327,30.076,30.404,30.778,30.071,30.055,30.185,-1.0,-1.0,-1.0,-1.0,-1.0,-1.0,-1.0
29.892,29.865,29.956,29.902,30.014,31.469,30.397,30.194,29.854,30.093,29.674,29.879,29.899,30.167,29.94,30.397,31.032,30.616,30.377,31.932,30.485,30.453,29.992,43.501,134.814,29.988,92.384,29.844,33.363,30.254,29.966,29.806,29.926,-1.0,-1.0,-1.0,-1.0,-1.0,-1.0,-1.0
29.971,29.994,30.019,30.03,29.892,33.364,32.909,29.706,29.962,30.509,29.891,29.878,30.04,30.416,29.918,30.424,30.996,30.591,30.426,31.538,30.259,30.287,29.78,78.904,55.144,29.972,101.067,30.091,63.117,30.35,29.986,30.025,29.893,-1.0,-1.0,-1.0,-1.0,-1.0,-1.0,-1.0
29.847,30.005,39.978,29.906,41.688,56.308,61.344,37.642,29.804,30.239,29.982,30.236,29.868,30.394,29.966,32.933,41.994,32.171,32.975,33.416,33.836,33.616,29.864,101.589,92.262,30.241,99.66,29.983,53.234,46.291,30.531,29.773,30.064,-1.0,-1.0,-1.0,-1.0,-1.0,-1.0,-1.0
34.722,35.098,83.464,34.144,82.851,56.912,53.38,88.55,52.314,45.912,36.865,35.17,41.286,48.262,37.275,64.193,85.984,64.229,61.435,58.024,63.676,63.653,45.578,100.087,152.402,35.606,88.567,321.525,92.332,91.116,37.486,34.44,36.013,-1.0,-1.0,-1.0,-1.0,-1.0,-1.0,-1.0
88.493,88.166,101.471,88.309,101.328,96.581,92.636,101.507,159.313,68.305,88.164,88.649,83.679,66.048,85.698,53.957,116.303,53.962,53.532,55.736,53.494,53.318,83.152,98.613,50.572,88.36,100.123,628.872,101.037,94.585,88.134,88.487,88.438,-1.0,-1.0,-1.0,-1.0,-1.0,-1.0,-1.0
101.282,100.547,99.985,100.692,100.05,100.251,100.988,99.799,55.18,101.643,101.639,101.365,101.776,102.01,101.643,91.318,90.553,91.289,92.962,96.598,91.978,92.092,101.456,92.763,145.881,101.317,130.275,72.13,99.715,94.968,101.7,100.396,101.75,-1.0,-1.0,-1.0,-1.0,-1.0,-1.0,-1.0
99.619,99.836,98.634,99.848,98.856,99.075,99.705,98.44,149.0,99.992,99.297,99.35,100.092,99.756,99.751,100.812,117.162,101.112,100.78,100.311,101.137,101.133,100.115,129.904,59.696,99.266,79.289,33.202,88.462,125.398,99.484,99.96,99.06,-1.0,-1.0,-1.0,-1.0,-1.0,-1.0,-1.0
99.643,99.643,94.167,99.979,93.429,91.044,89.458,85.436,55.479,98.582,99.061,99.696,98.657,99.131,98.697,99.839,73.149,99.918,99.412,99.556,99.557,99.549,98.458,79.629,85.251,99.615,103.078,30.488,100.206,85.787,98.805,99.93,99.46,-1.0,-1.0,-1.0,-1.0,-1.0,-1.0,-1.0
120.897,124.218,101.593,102.274,102.074,122.684,152.619,47.854,57.837,97.087,101.588,124.569,118.692,96.926,115.941,159.442,112.537,138.389,120.688,95.999,120.407,168.66,116.122,100.07,108.617,102.052,81.841,30.115,104.002,33.09,101.197,102.124,118.024,-1.0,-1.0,-1.0,-1.0,-1.0,-1.0,-1.0
79.42,78.876,107.065,106.901,145.424,85.015,66.829,73.539,186.915,112.354,98.052,79.297,81.064,106.369,79.464,55.429,84.014,59.612,78.424,122.07,75.794,53.95,78.381,112.912,75.909,95.695,32.77,30.008,100.421,30.487,107.238,111.571,79.516,-1.0,-1.0,-1.0,-1.0,-1.0,-1.0,-1.0
100.693,100.027,100.334,96.714,66.64,100.127,89.607,130.55,59.1,93.477,100.867,98.682,97.755,93.581,100.478,74.406,105.76,90.987,106.202,97.116,93.271,87.157,100.743,74.568,33.518,100.144,30.333,46.586,105.528,30.395,94.213,97.191,100.277,-1.0,-1.0,-1.0,-1.0,-1.0,-1.0,-1.0
99.978,99.262,103.049,99.319,106.194,102.417,106.351,76.241,63.181,106.016,99.088,98.959,99.029,100.006,100.119,99.753,106.152,100.07,92.439,83.76,99.823,86.226,99.811,33.45,30.706,100.151,30.054,90.618,82.333,30.429,99.806,105.968,100.142,-1.0,-1.0,-1.0,-1.0,-1.0,-1.0,-1.0
100.118,101.352,85.202,102.254,77.029,84.298,78.663,118.064,106.908,99.72,100.783,102.562,102.229,102.602,99.452,103.21,74.242,102.913,102.378,102.04,103.114,106.572,99.897,30.574,30.276,98.967,30.195,102.414,33.153,30.632,102.074,99.128,99.282,-1.0,-1.0,-1.0,-1.0,-1.0,-1.0,-1.0
93.667,91.956,33.542,89.285,32.798,33.282,32.985,63.933,75.784,80.268,92.887,90.47,90.04,87.369,95.649,85.817,32.981,86.36,82.652,84.001,87.039,78.22,94.888,30.52,30.296,96.857,45.173,126.86,30.748,30.77,88.299,81.213,96.074,-1.0,-1.0,-1.0,-1.0,-1.0,-1.0,-1.0
33.581,33.373,30.379,33.332,30.394,30.269,30.734,32.66,33.097,33.267,33.55,33.304,33.591,33.353,33.611,33.422,30.2,33.483,33.223,33.26,33.415,33.293,33.451,29.973,45.747,33.443,90.814,72.611,30.503,30.667,33.266,33.121,33.689,-1.0,-1.0,-1.0,-1.0,-1.0,-1.0,-1.0
30.294,30.275,29.744,30.29,30.234,30.272,30.201,29.708,30.206,30.352,30.284,30.31,30.257,30.382,30.3,30.327,30.235,30.394,30.772,30.761,30.629,30.573,30.281,45.332,91.123,30.258,96.047,99.307,29.87,30.647,30.385,30.32,30.314,-1.0,-1.0,-1.0,-1.0,-1.0,-1.0,-1.0
30.293,30.211,30.106,30.321,30.0,30.231,30.104,30.28,30.231,30.193,30.308,30.254,30.392,30.237,30.182,30.209,30.083,30.302,30.262,30.257,30.436,30.646,30.216,90.855,95.752,30.139,102.255,32.96,41.606,30.493,30.305,30.202,30.173,-1.0,-1.0,-1.0,-1.0,-1.0,-1.0,-1.0
30.342,30.406,38.376,30.376,40.281,39.972,41.345,29.889,30.355,30.033,30.326,30.341,30.264,30.239,30.433,30.273,41.735,30.38,30.091,30.434,30.525,30.115,30.38,95.85,111.609,30.441,113.839,30.43,91.264,30.6,30.215,29.99,30.424,-1.0,-1.0,-1.0,-1.0,-1.0,-1.0,-1.0
39.35,37.738,90.068,38.806,91.427,90.539,91.513,44.01,43.499,40.716,39.801,37.766,40.152,52.793,38.509,40.553,91.825,40.659,40.799,43.151,41.527,46.26,37.975,112.652,104.271,37.25,90.145,30.44,97.499,30.71,38.077,39.406,38.37,-1.0,-1.0,-1.0,-1.0,-1.0,-1.0,-1.0
90.269,88.153,78.131,90.182,97.996,98.909,98.022,91.079,91.003,91.643,90.213,88.61,90.697,90.214,89.595,90.807,97.761,91.534,91.348,91.057,91.499,91.787,88.349,104.86,89.145,88.511,33.173,30.047,103.185,30.674,89.651,90.58,88.8,-1.0,-1.0,-1.0,-1.0,-1.0,-1.0,-1.0
98.448,109.6,36.017,103.028,104.012,111.471,148.447,103.777,147.444,102.278,98.625,99.861,108.904,100.469,109.045,143.363,103.103,110.063,111.379,103.699,139.973,167.43,99.622,89.243,33.628,99.967,30.945,30.673,117.536,30.647,99.915,98.815,99.609,-1.0,-1.0,-1.0,-1.0,-1.0,-1.0,-1.0
100.89,95.779,93.954,99.843,118.351,106.302,74.201,98.575,56.435,97.684,100.794,100.285,92.533,121.387,94.549,61.07,112.813,90.481,89.711,105.298,60.292,53.985,100.221,32.771,31.0,100.023,30.235,30.404,88.073,30.58,100.212,100.944,100.528,-1.0,-1.0,-1.0,-1.0,-1.0,-1.0,-1.0
106.671,106.653,118.299,107.038,87.098,92.101,85.636,104.564,104.436,103.249,106.815,107.062,107.169,81.623,106.682,106.458,91.023,107.06,107.145,108.941,107.15,84.132,106.731,30.439,30.168,106.753,30.562,30.393,33.619,30.489,106.9,107.106,107.028,-1.0,-1.0,-1.0,-1.0,-1.0,-1.0,-1.0
102.602,100.915,85.165,99.585,33.328,33.534,32.994,95.396,95.04,104.074,102.061,104.629,99.101,92.76,100.236,96.106,33.227,98.377,97.954,86.807,97.614,93.949,105.423,30.289,30.347,105.908,30.714,31.086,30.403,30.476,103.525,101.059,103.954,-1.0,-1.0,-1.0,-1.0,-1.0,-1.0,-1.0
33.654,33.59,32.909,33.492,30.303,30.264,30.2,33.35,33.598,32.659,33.567,33.528,33.474,33.415,33.39,33.451,30.278,33.497,33.403,33.045,33.63,33.435,33.661,30.446,30.437,33.453,30.122,30.52,29.926,67.57,33.49,33.49,33.688,-1.0,-1.0,-1.0,-1.0,-1.0,-1.0,-1.0
30.367,30.343,30.17,30.372,30.092,30.239,29.892,30.344,30.644,30.345,30.333,30.37,30.366,30.165,30.304,30.34,30.179,30.279,30.424,30.436,30.373,30.445,30.36,30.471,30.538,30.43,30.433,30.597,30.278,51.643,30.334,30.339,30.324,-1.0,-1.0,-1.0,-1.0,-1.0,-1.0,-1.0
30.318,30.223,30.178,30.217,30.223,30.175,30.462,30.164,30.438,30.307,30.29,30.067,30.207,30.24,30.277,30.202,30.368,30.292,30.077,29.995,30.693,30.303,30.264,30.173,30.349,30.295,31.094,30.642,30.295,49.72,30.294,30.28,30.265,-1.0,-1.0,-1.0,-1.0,-1.0,-1.0,-1.0
30.308,30.308,30.178,30.205,30.642,30.699,30.142,30.513,30.483,30.196,30.275,30.411,30.351,30.304,30.274,30.357,30.645,30.535,30.41,30.359,30.492,30.891,30.411,30.358,31.17,30.404,29.876,30.568,30.214,90.991,30.219,30.282,30.295,-1.0,-1.0,-1.0,-1.0,-1.0,-1.0,-1.0
30.337,30.389,30.586,30.297,30.081,30.56,30.038,30.463,30.629,30.215,30.437,30.437,30.529,30.874,30.411,30.321,30.08,30.461,30.437,30.496,30.498,30.72,30.423,30.319,30.657,30.23,29.817,30.741,30.269,87.691,30.479,30.376,30.304,-1.0,-1.0,-1.0,-1.0,-1.0,-1.0,-1.0
30.202,30.337,29.916,30.199,30.067,30.128,30.128,30.119,30.347,30.3,30.328,30.212,30.011,30.582,30.191,30.759,30.11,30.503,30.459,30.347,30.253,30.382,30.127,30.075,30.644,30.201,29.841,30.839,30.351,122.955,30.27,30.058,30.202,-1.0,-1.0,-1.0,-1.0,-1.0,-1.0,-1.0
30.35,30.306,29.964,30.18,30.461,30.287,30.308,30.207,30.321,30.458,30.247,30.168,30.143,30.542,30.268,30.552,30.711,30.12,30.314,30.259,30.528,30.439,30.301,30.229,30.645,30.348,30.307,30.737,29.897,95.947,30.335,30.285,30.33,-1.0,-1.0,-1.0,-1.0,-1.0,-1.0,-1.0
30.205,30.341,30.437,30.454,29.949,30.024,30.192,30.403,30.834,30.42,30.378,30.227,30.345,30.267,30.204,30.767,30.171,30.649,30.218,30.465,30.576,31.467,30.181,30.212,30.575,30.342,30.622,30.909,30.403,76.831,30.394,30.125,30.418,-1.0,-1.0,-1.0,-1.0,-1.0,-1.0,-1.0
30.152,30.144,29.933,30.147,30.194,30.206,30.594,30.199,30.606,29.729,30.143,30.419,30.367,30.274,30.206,30.288,30.417,30.118,29.883,30.063,30.112,30.421,30.303,30.134,30.678,30.133,30.378,30.802,29.699,33.001,30.206,30.416,30.222,-1.0,-1.0,-1.0,-1.0,-1.0,-1.0,-1.0
30.332,30.299,30.642,30.249,29.928,30.071,30.057,30.524,30.4,30.393,30.295,30.165,30.314,30.333,30.346,30.197,30.247,30.356,30.604,30.165,30.497,30.223,30.201,30.352,30.761,30.152,29.77,30.786,30.509,30.721,30.544,30.182,30.42,-1.0,-1.0,-1.0,-1.0,-1.0,-1.0,-1.0
30.03,29.981,30.01,30.081,30.36,30.163,30.315,30.185,30.227,29.8,30.023,30.417,29.851,30.178,30.166,30.168,30.176,30.335,29.676,30.237,30.102,30.194,30.175,30.352,30.862,30.113,30.868,39.429,30.355,30.787,29.973,30.119,30.14,-1.0,-1.0,-1.0,-1.0,-1.0,-1.0,-1.0
30.322,30.432,30.312,30.346,30.263,30.174,30.307,30.408,30.25,30.516,30.46,30.276,30.59,29.993,30.364,30.099,30.235,30.173,30.603,29.967,30.165,30.243,30.32,30.308,30.829,30.518,29.838,65.511,30.211,31.067,30.289,30.345,30.358,-1.0,-1.0,-1.0,-1.0,-1.0,-1.0,-1.0
30.466,30.371,30.339,30.393,30.365,30.397,30.393,30.594,30.102,30.137,30.297,30.254,30.342,30.597,30.43,30.478,30.339,30.336,30.394,30.577,30.501,30.154,30.436,30.266,30.803,30.517,31.208,93.119,30.111,31.098,30.464,30.357,30.068,-1.0,-1.0,-1.0,-1.0,-1.0,-1.0,-1.0
30.433,30.498,30.476,30.552,30.177,30.19,30.143,30.433,30.269,30.473,30.553,30.402,30.422,29.937,30.327,30.321,30.4,30.163,30.703,30.189,30.501,30.404,30.359,30.323,30.825,30.319,36.09,87.805,30.241,31.127,30.309,30.244,30.385,-1.0,-1.0,-1.0,-1.0,-1.0,-1.0,-1.0
30.297,30.225,30.282,30.249,30.421,30.458,30.389,30.324,30.337,30.418,30.233,30.396,30.178,30.198,30.395,30.316,30.207,30.376,30.373,30.137,29.986,30.133,30.367,30.608,37.969,30.375,70.352,102.755,30.684,31.142,30.204,30.45,30.379,-1.0,-1.0,-1.0,-1.0,-1.0,-1.0,-1.0
30.365,30.409,30.399,30.388,30.263,30.286,30.488,30.292,30.193,30.177,30.4,30.286,30.259,30.04,30.486,30.289,30.328,30.324,30.125,30.033,30.386,30.262,30.327,35.837,65.945,30.279,94.065,115.809,30.375,31.259,30.374,30.292,30.301,-1.0,-1.0,-1.0,-1.0,-1.0,-1.0,-1.0
30.316,30.347,30.332,30.232,30.42,30.418,30.378,30.326,30.176,30.523,30.223,30.373,30.516,30.689,30.229,30.327,30.412,30.34,30.718,30.686,30.369,30.03,30.376,70.576,93.591,30.464,89.502,76.191,32.84,31.427,30.266,30.489,30.333,-1.0,-1.0,-1.0,-1.0,-1.0,-1.0,-1.0
30.628,30.463,30.426,30.604,31.856,33.16,32.126,30.468,30.927,30.269,30.588,30.443,30.391,30.583,30.52,30.631,33.72,30.344,30.629,30.294,30.893,30.498,30.55,94.063,88.127,30.489,103.027,33.606,70.319,31.507,30.493,30.434,30.485,-1.0,-1.0,-1.0,-1.0,-1.0,-1.0,-1.0
31.89,32.579,32.633,32.064,67.825,70.27,68.734,34.006,37.968,34.977,32.316,31.256,32.259,34.445,46.249,34.804,70.473,33.422,35.271,34.114,36.308,36.952,31.796,89.634,112.262,31.898,109.27,31.407,93.411,31.259,31.646,31.79,31.528,-1.0,-1.0,-1.0,-1.0,-1.0,-1.0,-1.0
67.629,69.791,70.257,68.173,93.082,93.83,92.649,70.547,69.846,70.531,68.923,64.249,69.669,71.086,65.551,104.907,93.875,70.364,70.423,70.195,70.608,70.574,67.413,122.157,98.643,67.418,83.347,30.333,92.483,31.429,66.93,65.977,65.537,-1.0,-1.0,-1.0,-1.0,-1.0,-1.0,-1.0
92.461,93.631,93.489,93.931,80.377,92.081,95.616,93.993,93.72,94.257,93.369,94.054,93.914,93.86,93.313,65.81,91.413,93.467,94.381,93.442,93.875,93.696,92.172,91.626,83.904,92.715,33.033,30.271,99.634,31.289,92.271,92.349,93.404,-1.0,-1.0,-1.0,-1.0,-1.0,-1.0,-1.0
110.081,112.209,97.916,99.168,38.525,99.435,99.671,91.303,180.747,96.561,99.107,108.738,106.582,97.741,172.726,87.634,99.671,114.478,123.533,97.116,174.125,107.604,107.859,83.906,33.209,100.915,31.601,30.088,71.891,39.655,101.373,101.464,110.563,-1.0,-1.0,-1.0,-1.0,-1.0,-1.0,-1.0
94.683,90.403,100.132,99.983,86.088,73.525,71.921,100.113,51.062,102.628,101.977,93.547,95.538,100.147,49.976,156.182,73.963,89.385,77.701,104.638,50.746,89.809,93.0,32.67,30.965,102.7,30.127,30.103,49.461,55.02,100.869,103.149,93.222,-1.0,-1.0,-1.0,-1.0,-1.0,-1.0,-1.0
99.242,99.595,98.666,98.131,108.334,55.645,49.152,97.6,67.12,99.815,98.839,98.092,98.646,99.349,74.154,57.698,123.315,99.581,113.889,99.808,74.545,99.523,97.702,30.917,29.991,98.623,29.785,30.344,78.001,90.922,97.684,98.663,98.151,-1.0,-1.0,-1.0,-1.0,-1.0,-1.0,-1.0
90.494,88.141,92.846,94.593,80.864,70.626,78.393,97.305,83.59,87.602,91.687,96.427,89.732,91.85,85.224,80.714,33.239,85.73,71.198,86.696,84.738,86.215,96.227,30.07,30.542,92.475,29.836,30.517,32.468,93.067,95.442,93.279,94.032,-1.0,-1.0,-1.0,-1.0,-1.0,-1.0,-1.0
33.883,33.059,33.191,33.236,33.214,32.632,33.068,33.329,33.203,33.08,33.168,33.295,33.164,32.414,33.036,32.729,30.476,33.128,33.035,33.314,33.244,33.075,33.291,29.728,30.418,33.113,30.88,30.254,31.076,115.418,33.255,33.209,33.228,-1.0,-1.0,-1.0,-1.0,-1.0,-1.0,-1.0
30.399,30.129,30.178,30.193,30.274,30.757,30.908,30.118,30.41,30.044,30.139,30.08,30.152,30.873,30.083,30.78,29.693,30.018,31.139,30.049,30.809,34.206,30.154,29.916,30.744,30.175,30.521,30.461,29.837,93.905,30.137,30.148,30.143,-1.0,-1.0,-1.0,-1.0,-1.0,-1.0,-1.0
29.635,30.106,30.067,30.0,29.843,29.848,29.781,29.965,30.197,30.205,30.143,30.146,30.164,30.182,29.952,30.362,30.048,30.03,29.81,30.157,30.037,34.784,30.013,30.633,30.633,30.172,30.5,30.532,29.648,77.54,30.111,30.106,30.111,-1.0,-1.0,-1.0,-1.0,-1.0,-1.0,-1.0
30.107,30.007,30.127,30.12,30.113,29.904,29.777,30.074,30.197,29.949,30.113,30.07,29.971,30.223,30.178,30.143,30.106,30.134,29.848,30.089,29.846,32.71,30.129,30.414,30.458,30.034,30.313,30.194,29.361,33.448,30.065,30.124,30.185,-1.0,-1.0,-1.0,-1.0,-1.0,-1.0,-1.0
30.167,30.353,30.353,30.327,30.171,29.618,29.504,30.549,30.031,30.394,30.406,30.386,30.386,30.088,30.13,30.002,31.162,30.179,30.308,30.125,29.868,31.821,30.602,30.018,30.228,30.328,30.684,30.251,30.843,31.221,30.316,30.353,30.458,-1.0,-1.0,-1.0,-1.0,-1.0,-1.0,-1.0
31.097,31.297,30.588,30.628,31.076,31.043,30.863,31.014,30.801,31.092,31.023,31.472,30.864,30.18,31.042,30.151,30.549,31.123,31.203,30.668,31.157,31.505,30.675,30.2,30.431,30.668,30.247,41.904,30.52,30.774,30.822,31.065,30.916,-1.0,-1.0,-1.0,-1.0,-1.0,-1.0,-1.0
30.614,30.281,30.549,30.608,30.344,30.542,30.66,30.852,30.799,30.47,30.552,30.402,30.438,30.223,30.509,30.49,30.297,30.676,30.545,30.571,30.844,31.651,30.579,30.958,30.373,30.564,30.237,60.12,30.348,30.546,30.72,30.367,30.346,-1.0,-1.0,-1.0,-1.0,-1.0,-1.0,-1.0
30.17,30.207,30.267,30.348,30.419,30.1,30.334,30.603,30.364,30.243,30.353,30.368,30.332,30.579,30.344,30.119,30.196,30.38,30.091,30.301,30.189,31.413,30.254,30.314,30.199,30.349,30.184,92.22,30.101,30.514,30.195,30.306,30.272,-1.0,-1.0,-1.0,-1.0,-1.0,-1.0,-1.0
30.238,30.224,30.233,30.157,30.142,30.213,30.379,30.214,30.434,30.229,30.098,30.281,30.234,29.968,30.192,30.103,30.221,30.444,30.27,30.246,30.387,31.278,30.286,30.213,30.259,30.236,40.555,93.952,30.525,30.532,30.278,30.245,30.218,-1.0,-1.0,-1.0,-1.0,-1.0,-1.0,-1.0
30.238,30.249,30.4,30.311,30.354,30.615,30.515,30.227,30.402,30.285,30.234,30.251,30.25,30.421,30.476,30.593,30.2,30.333,30.382,30.252,30.809,31.196,30.166,30.057,40.429,30.229,60.532,100.18,30.267,30.626,30.266,30.226,30.272,-1.0,-1.0,-1.0,-1.0,-1.0,-1.0,-1.0
30.139,30.153,30.066,30.161,30.11,30.138,30.182,30.187,30.07,30.193,30.145,30.089,30.131,30.311,30.156,30.354,30.206,30.069,29.829,30.161,30.275,31.353,30.047,37.316,60.855,30.197,92.367,108.121,30.068,30.566,30.132,30.102,30.055,-1.0,-1.0,-1.0,-1.0,-1.0,-1.0,-1.0
30.164,30.352,30.368,30.337,30.217,30.267,30.116,30.315,30.213,30.19,30.281,30.318,30.297,30.416,30.215,30.18,30.308,30.388,30.07,30.336,30.166,31.451,30.295,61.242,92.355,30.305,94.104,78.806,30.24,30.665,30.249,30.329,30.397,-1.0,-1.0,-1.0,-1.0,-1.0,-1.0,-1.0
30.387,30.29,30.066,30.393,30.289,30.234,30.354,30.296,30.178,30.29,30.155,30.363,30.137,30.079,30.145,30.342,34.386,30.08,30.212,30.37,30.019,31.337,30.113,91.416,94.194,30.319,99.613,33.645,32.104,30.593,30.287,30.095,30.109,-1.0,-1.0,-1.0,-1.0,-1.0,-1.0,-1.0
33.133,31.634,30.58,30.517,32.263,39.108,38.935,31.95,41.808,31.816,31.188,30.563,35.295,39.193,32.486,36.319,63.507,33.458,36.009,31.261,49.043,40.752,30.628,97.079,110.051,30.564,107.218,30.955,61.969,30.813,31.332,35.817,-1.0,-1.0,-1.0,-1.0,-1.0,-1.0,-1.0,-1.0
62.731,61.388,57.876,58.381,61.75,61.215,61.106,61.673,63.492,61.466,60.869,59.697,63.109,61.162,62.494,61.392,91.178,62.608,62.283,61.214,54.857,48.654,57.42,99.576,96.701,58.995,80.883,30.323,90.908,30.849,60.362,78.921,-1.0,-1.0,-1.0,-1.0,-1.0,-1.0,-1.0,-1.0
90.086,90.898,91.891,91.779,90.801,92.012,92.109,90.573,92.079,90.911,90.835,91.582,90.221,92.185,90.558,91.335,98.307,90.091,91.097,91.169,92.164,148.641,92.096,107.523,80.816,92.061,33.5,30.013,86.538,30.885,89.613,209.919,-1.0,-1.0,-1.0,-1.0,-1.0,-1.0,-1.0,-1.0
100.367,99.669,100.033,100.157,100.287,113.045,138.412,103.55,163.073,100.424,100.379,100.469,176.831,98.723,124.747,126.685,101.368,100.471,98.085,100.544,158.412,55.916,99.755,81.823,33.422,100.226,31.371,30.146,43.792,30.914,100.029,72.299,-1.0,-1.0,-1.0,-1.0,-1.0,-1.0,-1.0,-1.0
100.234,100.01,100.105,100.14,100.267,83.272,66.556,103.739,53.615,100.079,99.652,99.501,53.614,97.267,146.097,73.535,109.174,99.998,99.603,99.962,51.829,90.323,100.096,33.408,30.631,99.703,30.38,30.373,77.992,45.05,100.2,-1.0,-1.0,-1.0,-1.0,-1.0,-1.0,-1.0,-1.0,-1.0
100.311,100.576,100.056,100.361,100.771,99.014,94.602,100.251,79.733,100.862,100.797,100.851,76.496,99.378,52.618,99.73,79.437,100.639,100.476,100.752,85.956,94.798,99.886,30.526,30.282,100.608,29.839,30.119,105.232,55.917,100.411,-1.0,-1.0,-1.0,-1.0,-1.0,-1.0,-1.0,-1.0,-1.0
89.598,92.358,96.347,95.269,90.42,87.843,84.27,85.335,82.939,91.018,93.03,93.634,82.566,87.008,68.767,86.096,33.42,88.968,88.549,91.855,83.702,78.25,97.018,30.352,30.125,94.455,30.447,30.517,79.247,861.046,94.827,-1.0,-1.0,-1.0,-1.0,-1.0,-1.0,-1.0,-1.0,-1.0
33.481,33.262,33.299,33.554,33.329,33.377,33.135,33.165,33.228,33.444,33.49,33.551,33.066,33.321,33.068,33.239,30.345,33.32,33.263,33.482,33.401,33.833,33.264,30.171,30.305,33.584,29.974,30.851,33.034,96.313,33.514,-1.0,-1.0,-1.0,-1.0,-1.0,-1.0,-1.0,-1.0,-1.0
30.529,30.278,30.318,30.403,30.32,30.176,30.552,30.449,30.811,30.367,30.294,30.255,30.612,30.748,30.455,30.527,29.911,30.443,30.234,30.538,30.789,30.868,30.35,29.795,30.267,30.208,30.348,30.451,30.045,130.988,30.226,-1.0,-1.0,-1.0,-1.0,-1.0,-1.0,-1.0,-1.0,-1.0
29.846,30.132,30.108,30.137,30.0,30.099,30.159,30.242,29.951,30.055,30.132,30.151,29.823,30.067,29.841,30.084,29.947,30.291,30.022,30.427,30.379,30.566,30.107,30.079,30.256,30.11,30.704,30.668,29.954,71.181,30.128,-1.0,-1.0,-1.0,-1.0,-1.0,-1.0,-1.0,-1.0,-1.0
30.024,30.074,30.109,30.181,29.996,30.064,29.633,29.828,30.197,30.2,30.133,30.172,29.849,30.14,29.856,29.999,30.109,30.074,29.974,29.74,30.081,30.469,30.095,30.066,30.702,30.006,30.773,30.433,29.806,33.731,30.088,-1.0,-1.0,-1.0,-1.0,-1.0,-1.0,-1.0,-1.0,-1.0
29.989,30.091,30.065,29.976,30.137,30.022,30.245,30.091,30.066,30.448,30.201,30.09,30.233,30.035,30.216,30.371,30.192,30.198,30.001,30.062,29.842,30.577,30.086,30.538,30.731,30.118,30.467,30.503,30.117,32.302,30.075,-1.0,-1.0,-1.0,-1.0,-1.0,-1.0,-1.0,-1.0,-1.0
30.115,30.019,30.244,30.076,30.15,30.24,29.934,30.007,30.149,29.875,30.143,30.215,30.304,30.104,30.198,29.948,30.283,30.07,30.234,29.905,29.999,30.534,30.521,30.365,30.519,30.163,30.575,30.613,29.909,31.72,30.242,-1.0,-1.0,-1.0,-1.0,-1.0,-1.0,-1.0,-1.0,-1.0
30.39,30.435,30.416,30.418,30.491,30.301,30.389,30.586,30.219,30.356,30.312,30.404,30.341,30.095,30.299,30.616,30.494,30.672,30.792,30.448,30.445,30.597,30.603,30.379,30.521,30.367,30.487,42.639,30.477,54.951,30.44,-1.0,-1.0,-1.0,-1.0,-1.0,-1.0,-1.0,-1.0,-1.0
30.58,30.624,30.419,30.515,30.316,30.398,30.378,30.342,30.499,30.49,30.494,30.413,30.688,30.643,30.086,30.514,30.376,30.368,30.642,30.663,30.585,30.675,30.406,30.337,30.38,30.643,30.613,59.324,30.313,68.761,30.459,-1.0,-1.0,-1.0,-1.0,-1.0,-1.0,-1.0,-1.0,-1.0
30.516,30.371,30.564,30.415,30.472,30.491,30.666,30.576,30.473,30.481,30.495,30.434,30.389,30.511,30.53,30.376,30.283,30.437,30.474,30.617,30.498,30.62,30.322,30.176,30.523,30.425,30.52,861.158,30.572,100.428,30.599,-1.0,-1.0,-1.0,-1.0,-1.0,-1.0,-1.0,-1.0,-1.0
30.205,30.052,30.389,30.092,30.187,30.185,30.201,30.143,30.434,30.144,30.312,30.257,30.293,30.468,30.313,30.264,30.402,30.2,30.532,30.435,30.225,30.607,30.467,30.464,30.651,30.267,40.954,100.429,30.241,100.034,30.247,-1.0,-1.0,-1.0,-1.0,-1.0,-1.0,-1.0,-1.0,-1.0
30.333,30.333,30.167,30.297,30.455,30.454,30.34,30.448,30.335,30.422,30.538,30.507,30.39,30.118,30.148,30.434,30.577,30.474,30.104,30.166,30.244,30.884,30.355,30.678,39.888,30.449,59.655,132.844,30.159,100.316,30.272,-1.0,-1.0,-1.0,-1.0,-1.0,-1.0,-1.0,-1.0,-1.0
30.299,30.222,30.251,30.233,30.322,30.232,30.238,30.146,30.449,30.285,30.176,30.238,30.207,30.553,30.447,30.358,30.273,30.266,30.389,30.386,30.435,30.787,30.262,38.828,59.357,30.154,861.822,65.561,30.297,107.723,30.105,-1.0,-1.0,-1.0,-1.0,-1.0,-1.0,-1.0,-1.0,-1.0
30.3,30.428,30.33,30.663,30.339,30.281,30.521,30.582,30.488,30.401,30.257,30.315,30.29,30.218,30.277,30.578,30.474,30.376,30.248,30.426,30.514,30.873,30.196,61.289,862.159,30.334,100.884,34.509,30.425,78.21,30.457,-1.0,-1.0,-1.0,-1.0,-1.0,-1.0,-1.0,-1.0,-1.0
30.336,30.492,30.531,30.316,30.392,30.476,30.184,30.288,30.542,30.394,30.363,30.372,30.231,30.397,30.329,30.694,37.289,30.74,30.124,30.383,30.755,30.899,30.416,862.183,100.296,30.616,113.5,31.045,30.227,34.075,30.399,-1.0,-1.0,-1.0,-1.0,-1.0,-1.0,-1.0,-1.0,-1.0
30.91,30.754,30.942,30.959,31.531,33.484,33.396,33.902,40.618,36.637,51.622,35.091,36.791,35.001,36.692,36.725,62.411,34.811,33.39,52.953,37.417,42.278,36.227,122.149,114.262,36.611,86.512,30.658,32.994,32.413,-1.0,-1.0,-1.0,-1.0,-1.0,-1.0,-1.0,-1.0,-1.0,-1.0
61.138,60.347,62.372,60.678,62.167,60.681,61.253,61.262,60.193,61.21,55.647,58.737,61.647,60.438,61.409,61.796,835.765,61.031,60.793,77.614,61.869,56.779,63.431,95.702,85.615,60.889,34.299,48.625,60.898,33.32,-1.0,-1.0,-1.0,-1.0,-1.0,-1.0,-1.0,-1.0,-1.0,-1.0
857.6,856.859,857.94,856.918,858.064,860.282,860.885,862.365,861.978,863.741,861.175,858.595,860.029,862.476,858.838,862.581,48.173,863.384,861.863,851.095,862.021,861.243,930.721,85.814,34.007,863.474,31.293,74.973,859.587,34.578,-1.0,-1.0,-1.0,-1.0,-1.0,-1.0,-1.0,-1.0,-1.0,-1.0
104.636,104.553,103.834,104.944,103.712,103.012,102.394,101.763,100.125,101.507,100.705,103.437,103.242,101.29,101.566,118.79,85.38,114.875,102.094,84.446,122.308,114.808,63.078,34.275,30.688,104.567,30.411,100.778,103.072,36.87,-1.0,-1.0,-1.0,-1.0,-1.0,-1.0,-1.0,-1.0,-1.0,-1.0
107.215,107.485,107.445,107.137,107.727,108.06,108.193,109.143,107.554,107.979,106.769,108.479,108.123,109.591,109.202,93.193,129.519,97.575,108.68,112.253,91.093,92.462,177.295,31.205,30.581,107.948,50.135,103.458,108.156,-1.0,-1.0,-1.0,-1.0,-1.0,-1.0,-1.0,-1.0,-1.0,-1.0,-1.0
101.964,103.913,101.349,103.214,100.631,98.186,97.604,95.144,92.219,93.212,88.852,99.314,93.76,94.509,96.019,90.246,66.147,91.963,96.77,86.518,88.368,89.401,53.148,30.437,48.434,90.904,73.998,104.304,99.026,-1.0,-1.0,-1.0,-1.0,-1.0,-1.0,-1.0,-1.0,-1.0,-1.0,-1.0
33.006,32.866,32.982,32.912,32.932,32.837,32.933,32.814,33.026,32.847,33.024,32.893,32.922,33.038,32.94,32.837,32.523,33.138,32.868,32.8,32.933,33.234,37.544,50.371,75.827,45.849,101.308,101.463,32.957,-1.0,-1.0,-1.0,-1.0,-1.0,-1.0,-1.0,-1.0,-1.0,-1.0,-1.0
29.975,29.981,29.955,30.005,29.941,30.041,29.874,29.958,29.815,29.787,29.625,30.009,29.787,29.81,29.925,29.855,30.142,29.835,30.027,30.185,30.16,30.919,51.491,74.211,100.877,281.333,100.928,78.486,29.885,-1.0,-1.0,-1.0,-1.0,-1.0,-1.0,-1.0,-1.0,-1.0,-1.0,-1.0
29.805,29.975,29.799,29.865,29.831,29.828,29.819,29.942,29.807,29.863,30.082,29.865,30.577,29.81,29.983,29.98,29.857,29.914,29.87,29.709,29.802,30.457,73.724,101.207,102.726,100.013,99.745,35.089,29.831,-1.0,-1.0,-1.0,-1.0,-1.0,-1.0,-1.0,-1.0,-1.0,-1.0,-1.0
32.771,32.121,32.996,33.321,33.316,33.271,33.585,33.524,40.626,34.559,40.515,33.011,41.657,34.389,87.033,35.412,40.894,37.371,33.801,44.339,40.422,47.913,101.174,100.99,100.094,100.629,105.028,32.484,83.287,-1.0,-1.0,-1.0,-1.0,-1.0,-1.0,-1.0,-1.0,-1.0,-1.0,-1.0
86.439,87.448,86.939,87.58,88.202,88.615,89.123,89.374,84.437,89.108,83.438,87.291,83.381,88.937,67.055,88.27,83.756,86.509,129.479,80.753,83.869,76.74,89.376,99.828,103.315,100.423,79.733,31.117,161.643,-1.0,-1.0,-1.0,-1.0,-1.0,-1.0,-1.0,-1.0,-1.0,-1.0,-1.0
99.81,99.908,99.809,100.004,99.501,99.769,100.122,100.375,100.252,100.291,100.286,100.054,99.453,100.406,81.181,100.365,100.181,100.162,72.653,99.915,100.521,100.545,49.194,105.168,80.959,80.272,35.191,30.868,-1.0,-1.0,-1.0,-1.0,-1.0,-1.0,-1.0,-1.0,-1.0,-1.0,-1.0,-1.0
100.327,100.305,100.995,101.157,101.591,101.652,101.165,101.009,100.386,102.415,103.619,100.858,102.819,101.269,100.111,102.523,103.915,102.809,155.582,103.425,103.214,103.312,99.279,77.255,35.487,34.998,32.948,31.143,-1.0,-1.0,-1.0,-1.0,-1.0,-1.0,-1.0,-1.0,-1.0,-1.0,-1.0,-1.0
99.87,99.871,99.517,99.852,99.748,99.637,100.483,100.66,100.036,100.066,100.252,99.542,100.222,100.335,98.74,100.061,100.147,100.058,48.814,100.236,100.171,99.923,71.807,34.091,31.572,33.822,31.64,-1.0,-1.0,-1.0,-1.0,-1.0,-1.0,-1.0,-1.0,-1.0,-1.0,-1.0,-1.0,-1.0
99.565,99.577,99.831,99.88,100.094,100.467,99.537,99.402,100.304,100.496,101.125,100.26,100.768,99.816,99.991,100.656,102.224,100.802,96.435,101.642,101.418,102.651,77.353,31.386,31.166,33.983,31.27,-1.0,-1.0,-1.0,-1.0,-1.0,-1.0,-1.0,-1.0,-1.0,-1.0,-1.0,-1.0,-1.0
95.534,95.148,94.27,92.756,91.948,91.058,90.368,90.002,88.142,87.312,84.775,93.303,85.586,89.268,80.942,86.672,82.311,86.112,79.664,83.185,83.928,81.616,35.204,31.158,30.992,34.507,32.066,-1.0,-1.0,-1.0,-1.0,-1.0,-1.0,-1.0,-1.0,-1.0,-1.0,-1.0,-1.0,-1.0
33.341,33.179,33.3,33.145,33.227,33.141,33.199,33.142,33.12,33.237,33.046,33.192,32.963,33.286,32.804,33.012,32.821,33.221,32.762,33.197,33.221,33.368,32.867,31.057,31.084,34.85,-1.0,-1.0,-1.0,-1.0,-1.0,-1.0,-1.0,-1.0,-1.0,-1.0,-1.0,-1.0,-1.0,-1.0
30.142,30.148,30.21,30.179,30.199,30.154,30.18,30.126,30.12,30.01,30.176,30.554,29.952,30.276,30.173,30.12,30.188,30.188,29.923,30.099,30.315,30.262,33.441,31.362,-1.0,-1.0,-1.0,-1.0,-1.0,-1.0,-1.0,-1.0,-1.0,-1.0,-1.0,-1.0,-1.0,-1.0,-1.0,-1.0
30.17,30.121,30.171,30.105,30.181,30.101,30.253,30.109,30.32,30.137,30.058,30.472,30.144,30.228,30.153,30.231,30.16,30.072,29.825,30.132,30.304,29.968,34.692,-1.0,-1.0,-1.0,-1.0,-1.0,-1.0,-1.0,-1.0,-1.0,-1.0,-1.0,-1.0,-1.0,-1.0,-1.0,-1.0,-1.0
30.178,30.148,30.049,30.214,30.15,30.211,30.067,30.156,30.231,30.061,30.048,29.776,30.298,30.057,30.133,30.355,30.241,30.149,29.964,30.211,30.072,30.767,36.796,-1.0,-1.0,-1.0,-1.0,-1.0,-1.0,-1.0,-1.0,-1.0,-1.0,-1.0,-1.0,-1.0,-1.0,-1.0,-1.0,-1.0
30.349,30.507,30.355,30.303,30.292,30.291,30.276,30.279,30.017,30.281,30.168,30.442,30.288,30.232,30.138,30.256,30.22,30.509,30.061,30.455,30.472,31.353,-1.0,-1.0,-1.0,-1.0,-1.0,-1.0,-1.0,-1.0,-1.0,-1.0,-1.0,-1.0,-1.0,-1.0,-1.0,-1.0,-1.0,-1.0
