9,1,2,43,12,99,31,10,41,21,19,4,5,23,34,14,38,6,20,18,7,45,51,77,11,22,15,42,8,24,47,48,17,16,3,78,-1,-1,-1,-1
0.0,0.022,0.329,,0.37,0.456,,1.739,1.394,2.564,0.678,0.722,0.129,3.101,0.953,1.062,2.408,3.242,1.173,1.512,2.766,1.781,3.985,3.852,1.193,1.393,3.451,2.132,0.16,1.047,1.515,0.496,0.907,2.825,,3.723,-1.0,-1.0,-1.0,-1.0
34.883,34.787,35.293,34.806,34.94,35.266,34.361,34.432,34.579,34.145,35.14,34.841,35.341,33.859,34.696,34.67,34.076,34.02,34.903,35.046,34.26,34.969,33.856,33.915,34.684,34.791,34.214,34.857,34.852,34.928,34.545,34.944,34.936,34.31,34.209,33.694,-1.0,-1.0,-1.0,-1.0
31.447,31.603,32.403,32.937,31.488,31.905,32.701,32.278,32.244,32.366,32.788,31.645,32.393,32.287,31.832,31.528,32.418,32.299,32.461,32.724,33.186,32.84,33.006,32.762,31.618,32.646,32.337,33.23,31.471,32.347,32.259,31.458,32.009,32.318,32.397,32.402,-1.0,-1.0,-1.0,-1.0
31.644,31.182,31.652,31.207,31.267,31.098,31.282,31.59,31.507,31.432,31.639,31.736,31.732,31.446,31.108,31.145,31.494,31.471,31.442,31.291,31.317,31.386,31.617,31.952,31.009,31.342,31.471,32.01,31.268,31.442,31.606,31.328,31.059,31.486,31.703,31.362,-1.0,-1.0,-1.0,-1.0
30.855,31.082,31.825,31.35,30.848,30.783,31.305,31.383,31.335,31.335,31.398,31.128,31.373,31.458,30.772,30.67,31.357,31.403,31.457,31.358,31.05,31.328,31.279,31.326,30.92,31.388,31.351,31.371,31.056,31.394,31.411,30.807,30.773,31.406,31.318,31.37,-1.0,-1.0,-1.0,-1.0
31.161,31.164,31.894,31.68,31.191,31.044,31.454,31.493,31.243,32.075,31.6,31.074,30.995,31.957,31.089,31.2,31.943,31.768,31.317,31.616,31.634,31.51,31.379,31.202,30.924,31.561,31.627,31.327,31.429,30.933,32.521,31.143,31.008,31.778,31.679,31.802,-1.0,-1.0,-1.0,-1.0
31.289,31.094,31.115,31.455,31.061,31.147,30.775,30.741,30.625,31.57,31.041,30.878,30.528,31.336,30.994,30.956,30.924,31.382,30.753,30.86,31.502,31.003,31.438,31.41,31.142,30.836,31.42,31.409,30.85,30.497,31.509,31.192,31.147,31.513,31.272,31.357,-1.0,-1.0,-1.0,-1.0
31.143,31.29,31.276,31.156,31.162,31.043,30.576,30.554,30.841,31.599,31.231,31.016,30.937,31.262,31.32,31.079,31.038,31.317,30.559,30.446,31.582,30.958,31.559,31.401,30.952,30.535,31.619,31.379,31.145,30.736,31.428,31.198,31.073,31.546,31.217,31.273,-1.0,-1.0,-1.0,-1.0
31.021,31.003,31.282,31.523,31.021,30.865,30.515,30.51,30.754,31.613,30.956,31.101,30.884,31.533,30.998,31.058,30.976,31.57,30.451,30.153,31.531,30.892,31.452,31.956,31.054,30.775,32.256,31.972,31.025,30.72,31.602,30.991,31.037,31.756,30.922,31.597,-1.0,-1.0,-1.0,-1.0
31.153,31.049,31.213,31.61,31.039,31.581,31.021,30.815,31.202,31.371,30.848,31.256,31.279,31.405,31.308,31.788,30.885,31.397,30.933,30.633,31.347,30.875,31.298,31.696,31.181,30.702,31.567,31.343,31.274,31.243,31.356,31.193,31.308,31.374,30.853,31.393,-1.0,-1.0,-1.0,-1.0
30.895,30.777,31.29,31.406,30.785,30.886,31.247,30.984,31.343,31.192,30.654,31.068,31.341,31.18,30.859,30.877,30.784,31.161,31.122,30.992,31.19,30.526,31.601,30.937,30.796,31.015,31.499,31.249,30.748,31.039,31.171,30.842,31.052,31.384,30.611,31.168,-1.0,-1.0,-1.0,-1.0
30.805,30.837,31.438,31.02,30.825,30.857,30.879,31.031,31.319,31.048,30.821,30.963,31.417,30.992,30.612,30.683,30.513,31.067,31.021,31.009,31.062,30.348,31.127,31.059,31.041,30.861,31.175,31.135,30.944,30.689,31.062,30.83,31.001,31.109,30.755,31.075,-1.0,-1.0,-1.0,-1.0
30.771,30.734,31.362,31.005,30.753,30.917,30.677,30.94,31.089,31.14,31.311,30.809,31.636,31.016,30.846,30.82,31.037,30.894,30.521,30.733,30.698,31.15,30.82,30.796,30.733,30.805,31.198,30.741,30.686,30.939,31.128,30.735,30.713,30.838,30.922,31.246,-1.0,-1.0,-1.0,-1.0
30.874,30.827,31.829,31.029,30.801,30.439,30.787,30.612,31.074,31.258,31.436,30.97,31.841,31.383,30.742,30.618,30.82,31.309,30.475,30.499,31.142,30.669,31.315,31.104,30.606,30.707,31.263,31.097,30.829,30.548,31.254,30.857,30.996,31.208,30.803,31.512,-1.0,-1.0,-1.0,-1.0
30.651,30.826,32.038,31.493,30.967,30.7,30.86,30.742,30.652,31.426,31.139,31.016,31.388,31.38,30.797,30.833,30.841,31.377,30.775,30.589,32.091,30.356,31.439,31.498,30.549,30.595,31.188,31.358,31.073,30.701,31.496,30.808,30.729,31.398,30.715,31.406,-1.0,-1.0,-1.0,-1.0
30.906,30.878,31.959,31.234,30.947,30.903,30.536,30.484,30.459,31.355,30.81,30.911,31.271,31.346,30.876,30.848,30.807,31.399,30.625,30.61,31.518,30.489,31.621,31.51,31.033,30.56,31.196,31.323,30.779,30.791,31.304,30.743,30.555,31.302,30.869,31.319,-1.0,-1.0,-1.0,-1.0
30.832,30.939,31.97,31.285,30.933,31.001,30.682,30.727,30.743,31.154,30.669,31.038,31.16,31.228,30.883,30.841,30.547,31.216,31.023,31.076,31.054,30.488,31.072,31.144,30.805,30.85,31.325,31.201,30.909,30.799,31.242,30.907,30.97,31.148,30.584,31.165,-1.0,-1.0,-1.0,-1.0
30.826,30.722,31.685,31.22,30.657,31.132,30.904,31.069,30.569,31.228,30.81,30.577,31.023,31.337,30.663,30.889,31.016,31.306,30.661,30.579,31.144,30.654,31.158,31.029,30.821,30.775,31.512,31.158,30.832,30.696,31.263,30.789,30.771,31.273,30.785,31.211,-1.0,-1.0,-1.0,-1.0
30.986,30.966,31.593,31.299,30.92,31.082,30.57,31.088,30.74,31.285,30.68,30.751,31.165,31.293,31.01,31.053,30.915,30.614,30.878,30.744,30.982,30.687,31.241,31.256,30.897,30.684,31.558,31.114,30.842,30.955,31.275,30.975,30.864,30.912,30.544,31.216,-1.0,-1.0,-1.0,-1.0
30.906,30.903,31.488,31.151,30.902,31.212,31.005,30.962,30.832,31.326,30.62,31.057,30.999,31.483,30.878,30.976,30.764,30.783,30.902,30.771,30.848,30.923,30.982,31.042,30.867,30.961,31.436,31.237,30.894,30.893,31.389,30.884,31.003,30.703,30.385,31.289,-1.0,-1.0,-1.0,-1.0
30.815,30.854,31.368,30.934,30.832,30.929,30.933,30.636,31.053,31.468,30.581,31.176,30.908,31.58,30.803,30.986,30.836,30.827,30.732,30.769,30.546,30.51,31.68,31.631,30.859,30.964,31.465,31.735,30.796,30.895,31.828,30.849,31.041,30.732,30.671,31.502,-1.0,-1.0,-1.0,-1.0
30.787,30.735,31.553,30.77,30.772,30.93,30.549,30.368,31.113,31.182,30.526,30.848,30.922,31.147,30.871,30.748,30.794,30.801,30.841,30.887,30.657,30.725,31.644,31.689,30.756,30.796,31.513,31.213,30.799,30.725,31.635,30.819,30.845,30.64,30.712,31.319,-1.0,-1.0,-1.0,-1.0
30.734,30.98,31.536,30.683,30.827,30.715,30.44,30.65,30.893,31.312,30.876,30.754,31.021,31.309,30.715,30.801,30.778,30.688,30.664,30.636,30.614,30.796,31.24,31.161,30.744,30.642,31.614,31.283,30.707,30.783,31.031,30.688,30.591,30.57,30.472,31.178,-1.0,-1.0,-1.0,-1.0
30.588,30.765,31.35,30.666,30.572,30.758,30.789,30.784,30.729,31.276,30.982,30.696,30.935,31.41,30.715,31.013,30.526,30.647,30.774,30.823,30.592,30.762,31.412,31.396,30.61,30.919,31.348,31.223,30.842,30.751,31.304,30.678,30.935,30.657,30.862,31.418,-1.0,-1.0,-1.0,-1.0
30.677,30.637,31.444,30.77,30.559,31.219,30.615,30.9,30.806,31.66,30.7,30.973,30.905,31.664,30.684,31.267,30.641,30.599,30.687,30.586,30.603,30.712,31.043,31.223,30.994,30.686,31.388,31.556,30.554,30.612,31.524,30.773,30.747,30.567,30.954,31.557,-1.0,-1.0,-1.0,-1.0
30.691,31.195,32.453,30.874,30.949,30.912,30.675,30.702,31.364,31.759,30.733,30.96,31.071,31.719,30.821,31.114,31.177,30.56,30.758,30.908,30.728,30.645,31.901,32.228,30.992,30.567,32.01,31.831,30.655,30.84,31.9,30.823,30.725,30.649,30.69,31.84,-1.0,-1.0,-1.0,-1.0
39.396,41.044,43.453,43.942,40.387,43.253,41.832,42.136,43.862,41.362,44.094,43.525,41.459,40.963,40.608,42.983,43.545,42.84,41.647,40.812,44.459,41.975,42.565,42.888,40.58,42.775,42.3,41.601,40.15,41.232,41.959,40.437,42.781,44.014,43.114,41.312,-1.0,-1.0,-1.0,-1.0
90.762,92.414,142.699,105.41,90.245,116.269,92.832,104.786,103.12,80.866,139.18,92.121,90.468,86.944,104.27,109.245,88.258,104.882,92.081,91.158,105.868,91.517,122.83,107.723,91.099,102.238,88.51,86.94,91.466,91.242,86.408,90.758,109.414,104.049,106.467,80.526,-1.0,-1.0,-1.0,-1.0
100.547,103.456,59.067,88.509,100.548,86.24,106.025,92.054,90.128,100.282,65.349,104.396,131.333,108.979,92.839,89.191,100.824,89.687,103.609,101.085,88.172,100.741,71.626,83.918,100.601,92.897,102.606,99.572,105.182,100.985,135.988,100.34,90.641,90.114,89.615,101.155,-1.0,-1.0,-1.0,-1.0
100.377,101.798,99.755,107.572,100.403,108.108,104.929,103.97,104.259,101.057,112.932,105.563,93.65,109.284,102.727,106.046,100.811,106.126,102.488,100.076,106.958,100.523,109.774,107.808,100.441,103.162,108.299,105.443,101.521,100.619,88.473,100.559,106.104,106.443,104.7,128.677,-1.0,-1.0,-1.0,-1.0
97.265,89.723,69.211,75.288,96.756,73.974,83.431,85.708,85.038,91.424,67.101,81.652,67.527,71.168,88.414,80.413,92.563,78.897,88.711,94.947,76.43,93.29,70.144,73.587,95.487,87.336,72.385,82.082,90.796,94.116,65.182,95.968,79.493,77.358,84.031,65.986,-1.0,-1.0,-1.0,-1.0
34.177,34.253,33.185,34.003,34.208,33.77,33.681,33.715,33.896,34.284,33.178,33.756,33.382,33.387,33.787,33.656,34.025,33.758,34.028,34.148,34.01,34.226,33.741,33.664,34.062,33.885,34.118,33.875,33.868,34.075,33.039,34.112,33.981,34.037,33.691,33.108,-1.0,-1.0,-1.0,-1.0
30.608,30.718,30.937,30.646,30.713,30.93,30.93,30.743,31.078,31.062,30.832,30.929,30.825,30.828,30.655,31.048,30.511,30.86,30.603,30.658,30.9,30.627,31.393,31.418,30.591,31.046,31.768,30.916,30.573,30.508,30.897,30.656,30.827,31.265,30.892,31.17,-1.0,-1.0,-1.0,-1.0
30.466,30.549,30.718,30.769,30.441,30.932,30.467,30.581,30.819,30.578,30.785,30.66,30.516,30.636,30.531,30.849,30.629,30.754,30.491,30.465,30.727,30.444,30.944,31.116,30.56,30.667,30.907,30.61,30.55,30.619,30.919,30.508,30.689,30.75,30.705,31.055,-1.0,-1.0,-1.0,-1.0
30.486,30.385,30.908,30.788,30.492,30.88,30.466,30.493,30.899,30.428,30.464,30.691,30.496,30.779,30.656,30.613,30.499,30.829,30.559,30.487,30.796,30.527,31.078,30.908,30.484,30.593,31.018,30.649,30.316,30.435,31.013,30.508,30.757,30.852,30.607,30.981,-1.0,-1.0,-1.0,-1.0
30.527,30.645,31.065,30.848,30.564,31.072,30.779,30.683,30.71,30.762,30.925,30.667,30.671,30.937,30.651,30.904,30.741,30.865,30.496,30.602,30.818,30.557,30.936,30.677,30.575,30.54,31.016,30.76,30.644,30.62,31.033,30.528,30.638,31.161,30.857,31.037,-1.0,-1.0,-1.0,-1.0
30.741,30.497,30.997,30.772,30.72,30.859,30.433,30.449,30.768,30.415,30.914,30.77,30.68,31.015,30.55,30.731,30.682,30.762,30.618,30.716,30.957,30.711,30.864,31.007,30.653,30.555,31.066,30.745,30.599,30.606,30.811,30.714,30.759,30.792,30.623,30.779,-1.0,-1.0,-1.0,-1.0
30.819,30.843,30.753,30.677,30.809,30.492,30.69,30.914,30.63,30.767,30.56,30.615,30.429,30.797,30.841,30.604,30.927,30.572,30.926,30.894,30.489,30.894,30.893,30.799,30.893,30.589,31.11,30.697,31.005,31.063,30.707,31.211,30.644,30.653,30.627,30.704,-1.0,-1.0,-1.0,-1.0
30.761,30.646,30.677,30.483,30.703,30.378,30.818,30.921,30.556,30.815,30.692,30.618,30.483,31.005,30.899,30.599,30.821,30.578,30.828,30.622,30.489,30.59,30.629,30.663,30.789,30.833,31.143,30.764,30.852,30.657,30.722,30.647,30.662,30.62,30.659,30.762,-1.0,-1.0,-1.0,-1.0
30.565,30.7,30.923,30.831,30.58,30.685,30.645,30.772,31.032,30.642,30.483,30.519,30.862,30.969,30.684,30.571,30.633,30.924,30.699,30.596,30.832,30.631,30.903,30.817,30.713,30.712,31.206,30.697,30.704,30.708,30.924,30.656,30.728,30.52,30.659,30.904,-1.0,-1.0,-1.0,-1.0
30.473,30.49,31.009,30.903,30.496,31.034,30.679,30.641,30.958,30.708,30.594,30.812,30.412,30.937,30.754,30.619,30.7,30.902,30.881,30.443,31.009,30.425,30.618,30.977,31.052,30.647,31.28,30.792,30.577,30.485,30.714,30.444,30.768,30.68,30.809,30.783,-1.0,-1.0,-1.0,-1.0
30.674,30.557,31.07,30.452,30.738,30.805,30.87,30.97,30.589,30.539,31.029,30.668,30.861,31.017,30.6,30.841,30.458,30.667,30.654,30.51,30.661,30.639,31.072,31.181,30.333,30.592,31.535,30.836,30.395,30.658,30.985,30.481,31.053,31.261,30.988,30.855,-1.0,-1.0,-1.0,-1.0
30.745,30.569,31.157,30.674,30.779,30.778,30.612,30.452,31.277,30.617,30.556,30.562,30.277,31.057,30.765,30.344,30.699,30.715,30.592,30.889,30.667,30.843,31.065,31.185,30.556,30.513,31.62,31.057,30.804,30.675,30.958,30.793,30.807,30.664,30.587,31.127,-1.0,-1.0,-1.0,-1.0
30.724,30.648,31.144,30.43,30.618,30.816,30.7,30.843,30.802,30.699,30.866,30.491,30.42,30.973,30.472,30.638,30.622,30.776,30.302,30.844,30.705,30.787,31.244,31.201,30.644,30.761,31.69,30.798,30.58,30.823,31.072,30.659,30.826,30.703,30.492,31.132,-1.0,-1.0,-1.0,-1.0
30.636,30.631,31.099,30.444,30.6,30.733,30.425,30.511,31.619,30.609,30.75,30.728,30.432,31.053,30.576,30.611,30.586,30.921,30.625,30.752,30.868,30.745,31.041,31.064,30.607,30.255,31.724,30.9,30.585,30.742,30.867,30.624,30.939,30.827,30.816,31.13,-1.0,-1.0,-1.0,-1.0
30.619,30.823,31.088,30.506,30.678,30.801,30.43,30.315,30.743,30.842,30.697,30.691,30.269,31.137,30.848,30.706,30.733,30.846,30.634,30.822,30.91,30.825,31.092,31.133,30.696,30.857,31.797,31.064,30.703,30.728,30.731,30.694,30.761,30.643,30.561,31.317,-1.0,-1.0,-1.0,-1.0
30.663,30.549,31.309,30.651,30.663,30.948,30.796,30.564,30.751,30.742,30.977,30.589,30.476,31.492,30.827,30.531,30.784,30.665,30.687,30.577,31.094,30.712,31.158,31.197,30.508,30.452,31.867,31.204,30.65,30.472,30.987,30.624,30.717,30.956,30.651,31.056,-1.0,-1.0,-1.0,-1.0
30.617,30.659,31.08,30.587,30.585,30.744,30.412,30.68,30.892,30.554,30.745,30.718,30.486,31.001,30.684,30.638,30.477,30.681,30.624,30.482,30.637,30.525,31.237,31.16,30.619,30.69,31.844,30.742,30.623,30.531,30.754,30.645,30.713,30.785,30.586,31.189,-1.0,-1.0,-1.0,-1.0
30.6,30.557,30.934,30.663,30.616,30.771,30.803,30.722,30.733,30.779,30.721,30.558,30.364,31.011,30.645,30.559,30.705,30.823,30.598,30.576,30.541,30.633,31.195,30.976,30.571,30.799,31.824,31.16,30.579,30.607,30.7,30.578,31.096,30.764,30.576,30.939,-1.0,-1.0,-1.0,-1.0
30.578,30.474,30.841,30.549,30.599,30.601,30.24,30.179,30.85,30.682,30.855,30.75,30.457,30.932,30.821,30.686,30.808,30.603,30.437,30.457,30.517,30.392,30.97,30.823,30.454,30.635,31.862,30.992,30.455,30.462,30.454,30.522,31.003,31.027,30.783,30.905,-1.0,-1.0,-1.0,-1.0
30.486,30.536,31.052,30.526,30.455,30.705,30.624,30.47,30.846,30.615,30.47,30.558,30.559,30.984,30.455,30.61,30.634,30.301,30.619,30.481,30.378,30.428,31.069,31.051,30.518,30.454,31.918,30.785,30.568,30.426,30.485,30.467,30.564,30.736,31.006,30.997,-1.0,-1.0,-1.0,-1.0
30.596,30.408,31.007,30.417,30.385,30.529,30.518,30.461,30.893,30.482,30.623,30.432,30.495,31.033,30.18,30.276,30.472,30.267,30.373,30.577,30.2,30.448,30.996,30.831,30.519,30.227,31.912,31.129,30.452,30.486,30.384,30.473,30.54,30.709,30.418,30.954,-1.0,-1.0,-1.0,-1.0
30.287,30.462,31.022,30.269,30.463,30.698,30.538,30.584,31.118,30.353,30.594,31.132,30.429,30.996,30.264,30.215,30.489,30.154,30.502,30.516,30.171,30.551,30.912,31.231,30.573,30.431,32.02,30.931,30.528,30.49,30.52,30.394,30.647,30.653,30.458,31.143,-1.0,-1.0,-1.0,-1.0
30.45,30.462,31.085,30.195,30.485,30.858,30.451,30.606,30.596,30.521,30.86,31.395,30.686,31.039,30.309,30.267,30.414,30.351,30.637,30.571,30.454,30.307,30.912,30.999,30.449,30.338,32.032,30.75,30.642,30.465,30.451,30.456,30.76,30.467,30.616,31.056,-1.0,-1.0,-1.0,-1.0
30.403,30.404,31.086,30.43,30.416,30.639,30.31,30.726,30.995,30.686,30.749,30.848,30.234,31.082,30.487,30.519,30.396,30.387,30.268,30.381,30.451,30.373,31.131,31.103,30.336,30.519,32.037,30.897,30.361,30.375,30.789,30.4,30.765,30.516,30.46,31.141,-1.0,-1.0,-1.0,-1.0
30.384,30.332,31.104,30.46,30.37,30.41,30.427,30.127,30.81,30.72,30.356,30.648,30.362,31.08,30.183,30.196,30.298,30.257,30.376,30.326,30.237,30.417,31.119,31.27,30.403,30.364,32.019,30.613,30.548,30.37,30.658,30.414,30.984,30.528,30.42,31.155,-1.0,-1.0,-1.0,-1.0
30.334,30.346,31.091,30.241,30.315,30.476,30.659,30.421,30.444,30.455,30.529,30.706,30.303,31.099,30.511,30.583,30.575,30.34,30.466,30.445,30.304,30.507,31.018,30.836,30.497,30.343,32.061,30.649,30.486,30.383,30.583,30.282,30.48,30.608,30.524,30.849,-1.0,-1.0,-1.0,-1.0
30.549,30.388,30.999,30.332,30.48,30.398,30.24,30.182,30.752,30.474,30.425,30.553,30.295,31.053,30.225,30.937,30.357,30.456,30.308,30.402,30.588,30.148,30.887,30.96,30.13,30.361,32.226,30.715,30.269,30.299,30.486,30.457,30.462,30.447,30.805,31.073,-1.0,-1.0,-1.0,-1.0
30.347,30.395,31.121,30.035,30.317,30.452,30.167,30.245,30.771,30.574,30.395,30.582,30.28,31.116,30.226,30.567,30.412,30.263,30.305,30.293,30.66,30.379,31.252,31.223,30.371,30.275,32.961,30.715,30.142,30.399,30.42,30.374,30.55,30.42,30.522,31.066,-1.0,-1.0,-1.0,-1.0
30.631,30.569,31.116,30.303,30.637,30.373,31.159,30.723,30.626,30.485,30.377,30.586,30.598,31.077,30.648,30.52,30.314,30.313,30.642,30.538,30.44,30.589,31.047,31.125,30.615,30.621,32.544,30.776,30.645,30.584,30.367,30.59,30.532,30.571,30.502,31.13,-1.0,-1.0,-1.0,-1.0
30.203,30.293,33.584,30.451,30.492,30.468,30.758,30.411,31.483,30.634,30.694,30.76,30.31,32.721,30.355,30.515,30.466,30.505,30.176,30.289,30.638,30.413,34.206,33.99,30.581,30.271,53.045,31.098,30.222,30.303,30.566,30.208,30.985,30.546,30.599,33.69,-1.0,-1.0,-1.0,-1.0
45.937,47.083,49.157,50.94,47.356,52.585,51.026,50.914,52.659,51.668,52.833,52.343,49.267,48.723,50.753,51.175,51.014,52.295,49.283,48.21,52.797,48.71,49.915,49.561,49.023,50.38,105.624,52.487,49.879,47.742,53.587,46.552,53.91,53.754,52.014,49.278,-1.0,-1.0,-1.0,-1.0
103.058,103.015,102.076,104.694,103.089,106.041,105.125,105.069,105.431,104.767,106.025,105.809,103.965,103.273,104.509,104.922,105.134,105.269,104.651,103.007,105.526,103.257,102.47,102.638,103.49,104.723,92.634,105.649,104.372,102.99,105.366,103.144,105.128,105.169,105.264,102.237,-1.0,-1.0,-1.0,-1.0
108.964,108.246,149.645,131.51,108.112,118.074,104.957,121.308,147.928,104.439,109.923,102.306,106.546,99.879,121.834,121.131,105.09,127.022,106.083,127.673,120.116,126.311,90.518,90.503,107.061,121.022,45.933,101.53,106.094,108.071,100.685,125.809,140.95,113.923,119.534,89.019,-1.0,-1.0,-1.0,-1.0
102.406,100.83,63.754,86.942,103.175,89.653,107.555,87.39,63.754,110.832,84.904,105.471,102.141,107.86,86.907,89.448,110.404,135.715,100.435,89.428,91.595,88.402,146.0,114.416,102.945,87.299,75.435,108.652,96.978,107.145,131.684,86.132,71.709,88.603,89.587,99.064,-1.0,-1.0,-1.0,-1.0
99.156,98.732,101.914,103.614,99.963,102.493,101.835,100.339,103.455,103.387,98.88,102.236,100.218,103.642,100.369,101.409,103.055,67.284,99.504,100.723,103.089,100.985,80.914,111.722,100.54,100.163,115.183,103.546,99.559,100.878,86.732,99.526,103.479,100.754,101.474,128.824,-1.0,-1.0,-1.0,-1.0
95.26,96.537,72.424,77.451,92.949,81.251,83.335,89.28,73.679,78.506,95.98,82.468,92.421,76.447,89.931,85.08,80.158,67.502,94.335,86.058,79.111,87.251,68.086,69.79,91.568,90.919,65.836,75.113,97.141,88.393,71.275,93.676,74.634,86.803,84.319,70.503,-1.0,-1.0,-1.0,-1.0
34.147,34.164,33.317,33.816,34.011,33.836,33.782,33.831,33.4,33.571,34.05,33.721,33.941,33.456,33.911,33.724,33.653,33.039,34.029,33.765,33.846,33.846,33.516,33.409,33.958,33.887,33.222,33.74,34.05,33.807,33.517,34.064,33.6,33.764,33.759,33.377,-1.0,-1.0,-1.0,-1.0
30.926,30.915,30.875,31.059,30.979,31.094,30.872,30.94,30.844,30.938,30.9,31.019,30.987,30.908,31.022,31.139,30.961,31.049,30.912,31.051,31.055,31.026,30.987,30.996,30.988,30.983,31.037,31.098,30.916,30.919,30.877,30.972,31.268,30.909,31.062,30.894,-1.0,-1.0,-1.0,-1.0
30.776,30.792,31.089,30.921,30.56,30.895,30.839,30.696,31.096,30.958,30.62,30.756,30.569,30.961,30.741,30.833,30.792,31.064,30.604,30.89,30.934,30.747,31.055,31.083,30.78,30.58,30.988,30.827,30.609,30.693,31.033,30.778,31.01,30.769,30.715,31.026,-1.0,-1.0,-1.0,-1.0
30.679,30.639,31.024,30.694,30.7,30.595,30.632,30.703,30.985,30.624,30.538,30.771,30.756,30.597,30.655,30.72,30.765,30.839,30.559,30.523,30.663,30.641,30.919,31.02,30.562,30.747,30.808,30.708,30.835,30.685,30.828,30.778,30.861,30.611,30.759,30.807,-1.0,-1.0,-1.0,-1.0
30.594,30.892,31.222,30.877,30.599,30.939,31.03,30.866,30.675,30.903,30.754,30.799,31.404,31.071,30.639,30.982,30.828,30.446,30.766,30.855,30.97,30.692,31.144,30.929,30.771,30.693,30.948,30.934,30.768,31.229,30.552,30.811,30.851,31.096,31.081,30.637,-1.0,-1.0,-1.0,-1.0
30.801,30.763,31.322,31.858,30.79,30.885,30.726,30.882,31.369,30.958,30.742,30.861,30.742,31.324,30.831,30.826,30.879,31.072,30.734,30.745,30.865,30.665,31.194,31.425,30.686,30.845,31.1,31.272,30.918,30.863,30.948,30.946,31.069,30.983,30.916,31.074,-1.0,-1.0,-1.0,-1.0
30.632,30.601,30.988,31.021,30.661,30.673,30.496,30.65,31.115,30.743,30.635,30.728,30.53,30.778,30.628,30.736,30.674,31.057,30.654,30.385,30.614,30.561,31.17,31.488,30.592,30.64,31.49,31.016,30.626,30.339,30.754,30.454,31.091,30.726,30.644,30.771,-1.0,-1.0,-1.0,-1.0
30.503,30.532,30.756,30.52,30.54,30.698,30.529,30.622,30.496,30.712,30.614,30.525,30.498,30.569,30.768,30.614,30.739,30.819,30.652,30.725,30.645,30.583,30.848,31.022,30.541,30.631,31.14,30.672,30.494,30.544,30.625,30.606,30.8,30.507,30.925,30.797,-1.0,-1.0,-1.0,-1.0
30.854,30.854,30.41,30.656,30.683,30.666,30.673,30.662,30.784,30.595,30.854,30.444,30.609,30.738,30.484,30.736,30.663,30.5,30.793,31.461,30.619,30.701,30.856,31.269,30.714,30.761,31.299,30.831,30.716,30.647,30.677,30.754,30.604,30.791,30.733,30.729,-1.0,-1.0,-1.0,-1.0
30.68,30.633,30.605,30.254,30.693,30.594,30.871,30.821,31.037,30.76,30.698,30.724,30.571,30.739,30.655,30.588,30.789,30.513,30.707,30.639,30.778,30.656,30.757,31.322,30.669,30.754,31.457,30.69,30.7,30.559,30.729,30.7,30.48,30.644,30.733,30.652,-1.0,-1.0,-1.0,-1.0
30.702,30.7,31.032,30.487,30.716,30.345,30.588,30.675,30.678,30.499,30.704,30.883,30.629,30.495,30.655,30.713,30.528,30.318,30.685,30.692,30.73,30.702,30.878,30.874,30.691,30.921,31.223,30.674,30.69,30.704,30.61,30.644,30.525,30.522,30.734,30.616,-1.0,-1.0,-1.0,-1.0
33.313,33.439,39.021,35.397,33.148,34.594,34.302,34.19,37.842,34.947,33.087,34.778,33.716,35.247,33.614,34.914,34.948,35.856,33.204,34.08,35.385,33.445,39.983,39.949,33.359,34.152,41.036,72.535,33.269,33.466,35.198,33.905,171.232,34.418,34.912,-1.0,-1.0,-1.0,-1.0,-1.0
88.754,90.373,94.444,97.601,87.658,94.147,93.751,93.411,95.357,95.472,87.281,94.348,91.695,97.264,91.309,94.528,95.009,97.491,88.062,93.825,96.327,91.228,93.321,92.852,89.276,93.139,92.237,92.127,88.312,92.457,96.867,92.813,57.624,93.832,95.824,-1.0,-1.0,-1.0,-1.0,-1.0
100.554,99.432,148.909,136.273,100.191,96.152,96.343,106.823,117.13,97.973,100.389,98.693,98.791,96.71,99.052,113.743,98.315,118.78,100.444,106.52,105.236,98.684,122.3,132.379,101.356,106.947,89.438,70.055,100.766,99.376,96.925,111.659,131.496,106.847,105.559,-1.0,-1.0,-1.0,-1.0,-1.0
100.483,100.753,62.366,68.63,100.7,101.224,101.278,95.569,84.171,106.631,100.446,104.328,101.438,130.392,101.132,92.354,107.687,84.251,100.737,95.579,97.425,101.22,79.432,70.16,108.885,95.143,99.127,126.926,100.472,105.804,121.35,96.551,91.031,96.309,96.24,-1.0,-1.0,-1.0,-1.0,-1.0
101.371,101.051,99.489,106.117,100.863,101.833,101.502,100.969,104.756,103.312,100.87,102.783,101.245,88.739,101.282,103.625,104.228,104.816,100.845,101.08,102.905,101.215,105.359,110.554,102.316,100.778,101.297,78.609,101.147,101.714,96.597,102.775,68.693,101.748,102.563,-1.0,-1.0,-1.0,-1.0,-1.0
94.706,94.161,73.389,74.691,96.703,90.474,91.434,88.114,78.402,80.647,97.101,84.145,92.431,71.248,92.913,80.361,79.21,77.221,95.838,87.547,81.639,93.33,76.352,70.444,85.053,88.948,89.806,83.867,95.249,86.695,72.686,82.327,33.071,85.866,83.531,-1.0,-1.0,-1.0,-1.0,-1.0
33.911,33.93,34.136,33.573,33.945,34.094,34.074,33.956,34.004,34.0,33.998,33.878,33.879,33.286,33.903,33.778,33.901,33.825,34.009,33.825,33.822,33.997,33.681,33.374,33.989,33.842,35.172,32.272,34.058,33.819,33.257,34.008,30.869,33.933,33.744,-1.0,-1.0,-1.0,-1.0,-1.0
30.641,30.718,30.945,30.71,30.653,30.764,30.848,30.777,31.169,30.966,30.621,30.725,30.668,31.11,30.71,30.647,31.091,30.704,30.91,30.601,30.651,30.754,31.12,30.867,30.76,30.608,31.885,31.796,30.651,30.714,31.143,30.622,30.624,30.825,30.449,-1.0,-1.0,-1.0,-1.0,-1.0
30.478,30.431,30.751,30.467,30.652,30.588,30.482,30.623,31.029,30.368,30.547,30.652,30.548,31.078,30.415,30.512,30.341,30.436,30.499,30.46,30.471,30.514,30.917,30.894,30.554,30.425,30.836,31.499,30.459,30.621,30.877,30.591,30.624,30.501,30.306,-1.0,-1.0,-1.0,-1.0,-1.0
30.416,30.48,30.701,30.66,30.56,30.549,30.515,30.526,30.993,30.582,30.65,30.524,30.606,30.68,30.46,30.502,30.443,30.459,30.557,30.444,30.77,30.573,30.618,30.718,30.244,30.456,30.869,31.453,30.501,30.419,30.654,30.276,30.288,30.576,30.536,-1.0,-1.0,-1.0,-1.0,-1.0
30.719,30.656,30.521,30.464,30.644,30.609,30.747,30.567,30.733,30.765,30.638,30.618,30.593,30.378,30.714,30.661,30.519,30.403,30.644,30.736,30.545,30.626,30.625,30.881,30.677,30.749,30.697,31.396,30.601,30.491,30.51,30.632,31.076,30.566,30.463,-1.0,-1.0,-1.0,-1.0,-1.0
30.536,30.598,31.116,30.739,30.692,30.553,30.498,30.594,30.738,30.499,30.647,30.573,30.591,31.156,30.52,30.663,30.525,30.588,30.647,30.537,30.58,30.662,31.122,30.553,30.523,30.555,30.604,31.608,30.747,30.624,30.874,30.542,30.978,30.573,30.643,-1.0,-1.0,-1.0,-1.0,-1.0
30.627,30.648,30.903,30.861,30.568,30.988,30.855,30.739,31.12,30.652,30.616,30.69,30.592,30.95,30.657,30.708,30.767,30.717,30.673,30.861,30.845,30.511,30.922,31.148,30.684,30.831,31.225,31.453,30.581,30.708,30.706,30.924,60.76,30.805,30.657,-1.0,-1.0,-1.0,-1.0,-1.0
40.603,58.628,57.61,57.663,40.61,42.508,42.296,44.964,61.959,54.788,103.31,47.918,99.15,61.595,57.225,51.598,57.385,54.251,41.973,61.556,55.299,41.383,58.86,64.355,48.411,336.131,62.539,58.874,39.939,43.308,57.53,53.688,82.636,54.52,-1.0,-1.0,-1.0,-1.0,-1.0,-1.0
91.623,85.205,84.698,85.041,92.705,93.301,93.229,91.921,82.407,85.786,58.352,89.422,181.916,82.508,86.083,87.27,84.987,86.111,93.18,160.538,86.095,92.953,84.446,81.577,90.06,59.741,82.244,80.738,92.828,93.32,84.723,86.216,106.249,-1.0,-1.0,-1.0,-1.0,-1.0,-1.0,-1.0
106.21,135.977,106.136,106.476,105.951,105.86,105.478,105.79,106.057,106.244,156.215,105.666,117.013,106.086,106.42,105.324,106.411,106.046,105.532,54.866,106.287,105.432,106.029,139.255,105.722,65.053,106.199,104.612,106.188,105.816,105.963,105.842,109.813,-1.0,-1.0,-1.0,-1.0,-1.0,-1.0,-1.0
109.011,83.814,109.892,109.772,109.123,111.216,110.501,109.379,109.921,109.512,66.561,111.581,71.587,109.797,109.589,111.412,109.686,107.553,109.725,144.821,109.691,109.629,109.829,79.185,109.462,161.292,110.327,110.844,108.81,108.115,110.08,109.652,92.606,-1.0,-1.0,-1.0,-1.0,-1.0,-1.0,-1.0
107.739,142.078,114.192,107.514,107.176,124.028,104.672,121.07,119.278,96.77,148.741,102.908,121.954,98.679,182.9,109.392,95.423,109.555,105.489,54.33,119.36,116.265,94.813,91.019,103.088,59.853,101.686,101.931,107.565,105.179,95.458,111.934,41.497,-1.0,-1.0,-1.0,-1.0,-1.0,-1.0,-1.0
102.884,93.564,91.356,95.313,101.064,90.439,108.357,92.045,85.976,99.652,53.35,98.578,86.519,104.457,50.611,96.385,99.505,94.393,106.265,168.498,90.9,95.898,120.54,113.923,103.337,72.57,103.695,127.048,104.85,99.68,98.724,95.961,90.083,-1.0,-1.0,-1.0,-1.0,-1.0,-1.0,-1.0
100.395,81.283,102.291,101.309,100.331,102.453,101.402,102.033,103.132,100.311,93.206,100.396,75.398,101.902,112.573,101.055,100.211,99.53,100.773,48.323,102.597,100.08,96.607,106.055,99.771,33.231,102.898,85.842,99.737,100.499,100.367,101.446,88.297,-1.0,-1.0,-1.0,-1.0,-1.0,-1.0,-1.0
93.106,74.104,82.539,87.119,94.298,81.8,85.778,84.2,79.932,96.281,76.117,93.872,33.305,83.763,50.737,88.102,95.923,92.93,88.705,61.739,80.864,89.878,78.264,74.672,91.101,30.847,79.031,71.771,91.608,94.65,95.205,86.24,77.489,-1.0,-1.0,-1.0,-1.0,-1.0,-1.0,-1.0
34.077,33.062,34.075,33.96,34.201,34.015,33.755,33.89,34.073,34.29,33.077,34.088,31.043,33.734,32.402,33.848,34.207,33.965,34.0,33.233,33.719,33.931,34.132,33.176,33.887,30.862,33.777,33.556,34.027,34.107,34.123,33.786,33.564,-1.0,-1.0,-1.0,-1.0,-1.0,-1.0,-1.0
30.779,31.049,30.976,30.805,30.755,31.024,30.799,30.838,31.361,30.81,31.492,30.733,31.004,30.795,31.595,30.797,30.806,30.719,30.703,31.952,30.798,30.765,31.444,31.16,30.742,30.741,31.206,31.092,30.76,30.804,30.795,30.812,31.098,-1.0,-1.0,-1.0,-1.0,-1.0,-1.0,-1.0
30.904,30.891,30.699,30.717,30.875,30.679,30.874,30.804,30.842,30.752,31.019,30.93,30.69,30.892,31.034,30.922,30.825,30.953,30.849,32.523,30.822,30.891,30.995,30.921,30.937,31.001,30.785,30.868,30.884,30.793,30.943,30.873,30.863,-1.0,-1.0,-1.0,-1.0,-1.0,-1.0,-1.0
30.863,30.873,30.816,30.973,30.736,30.761,30.804,30.974,30.739,30.828,30.867,30.88,30.834,30.847,30.864,30.823,30.773,30.88,30.843,32.08,30.833,30.851,30.987,30.894,30.854,30.974,31.103,30.534,30.84,30.783,30.947,30.807,30.419,-1.0,-1.0,-1.0,-1.0,-1.0,-1.0,-1.0
30.869,31.057,30.919,30.788,30.815,31.01,31.016,30.777,30.762,30.802,30.991,30.841,30.648,30.916,30.971,30.908,30.813,30.902,30.925,32.909,30.797,30.916,30.941,31.007,30.925,31.002,31.357,30.669,30.961,30.936,30.951,30.936,31.016,-1.0,-1.0,-1.0,-1.0,-1.0,-1.0,-1.0
30.86,30.72,30.794,30.88,30.872,30.718,30.708,30.747,30.557,30.824,30.876,30.794,30.768,30.704,30.885,30.735,30.82,30.731,30.838,32.853,30.724,30.837,30.841,31.02,30.731,31.263,31.11,31.034,30.753,30.812,30.734,30.732,30.569,-1.0,-1.0,-1.0,-1.0,-1.0,-1.0,-1.0
30.882,31.198,30.872,30.721,30.922,30.912,30.846,30.77,30.926,30.9,30.909,30.882,31.002,30.885,30.894,30.879,30.957,30.882,30.751,32.789,30.765,30.712,31.127,31.38,30.875,33.617,31.583,30.853,30.743,30.771,30.764,30.873,31.02,-1.0,-1.0,-1.0,-1.0,-1.0,-1.0,-1.0
30.906,31.064,30.891,30.807,30.914,30.947,30.947,30.787,31.067,31.015,30.952,30.926,31.995,30.942,30.95,31.031,30.931,30.938,30.81,32.579,30.815,30.882,30.996,30.821,31.0,62.628,31.117,30.889,30.898,30.787,30.867,31.019,30.91,-1.0,-1.0,-1.0,-1.0,-1.0,-1.0,-1.0
31.274,32.784,31.755,31.179,31.249,31.199,31.319,31.25,31.755,31.158,34.709,31.347,62.555,31.748,34.065,31.5,31.232,31.424,31.158,35.18,31.306,31.072,31.883,33.045,31.479,88.192,34.354,31.526,31.032,31.02,30.969,31.725,235.305,-1.0,-1.0,-1.0,-1.0,-1.0,-1.0,-1.0
57.459,62.422,61.65,57.744,55.656,60.64,59.743,58.16,62.427,53.036,64.289,57.989,81.687,60.766,63.518,59.898,54.18,58.552,56.308,118.654,59.385,55.359,62.107,63.046,58.861,165.921,63.023,62.172,53.905,51.079,52.197,60.234,-1.0,-1.0,-1.0,-1.0,-1.0,-1.0,-1.0,-1.0
89.584,87.964,91.559,89.716,89.989,92.019,91.399,90.329,98.524,90.271,146.773,90.04,47.534,92.142,163.477,90.428,90.21,90.61,90.24,50.679,90.011,89.824,89.819,88.223,91.325,56.42,87.857,90.451,90.186,91.273,90.648,91.665,-1.0,-1.0,-1.0,-1.0,-1.0,-1.0,-1.0,-1.0
99.287,137.361,100.653,99.295,99.582,100.238,100.188,99.497,95.387,100.049,57.881,99.197,66.092,100.446,56.147,100.188,100.14,99.119,99.195,149.06,100.064,99.709,100.613,100.536,99.606,63.165,100.378,105.01,99.907,100.207,100.101,100.091,-1.0,-1.0,-1.0,-1.0,-1.0,-1.0,-1.0,-1.0
102.017,74.819,103.832,102.259,101.541,102.874,103.14,102.879,105.238,100.403,88.935,102.447,126.52,103.376,95.127,103.072,100.679,103.119,102.061,86.274,102.687,101.455,104.011,104.328,103.031,33.892,104.575,105.382,100.564,100.342,100.402,103.086,-1.0,-1.0,-1.0,-1.0,-1.0,-1.0,-1.0,-1.0
91.771,74.679,81.929,90.974,93.318,84.032,85.537,89.015,77.79,96.31,75.863,90.432,55.078,83.084,56.981,86.347,94.87,88.708,92.196,46.532,87.664,93.732,81.169,80.051,87.136,31.228,79.055,76.85,95.523,97.431,96.845,84.681,-1.0,-1.0,-1.0,-1.0,-1.0,-1.0,-1.0,-1.0
34.138,33.808,33.734,34.029,34.159,33.833,33.907,34.017,33.881,34.106,33.757,34.077,34.071,33.795,33.138,33.993,34.023,34.12,33.976,32.189,34.214,34.1,33.969,33.869,33.814,31.524,34.081,34.023,34.11,33.928,34.131,33.957,-1.0,-1.0,-1.0,-1.0,-1.0,-1.0,-1.0,-1.0
30.58,31.275,31.074,30.679,30.581,30.84,30.683,30.668,31.061,30.673,31.095,30.719,31.25,31.089,31.258,30.782,30.706,30.7,30.755,32.129,30.607,30.639,31.561,31.04,30.654,30.778,31.468,31.456,30.684,30.714,30.61,30.625,-1.0,-1.0,-1.0,-1.0,-1.0,-1.0,-1.0,-1.0
30.461,31.255,30.374,30.65,30.48,30.555,30.449,30.667,30.77,30.533,30.64,30.741,31.27,30.399,31.1,30.662,30.567,30.728,30.586,32.059,30.512,30.482,31.14,30.948,30.63,30.875,31.126,31.602,30.496,30.505,30.521,30.522,-1.0,-1.0,-1.0,-1.0,-1.0,-1.0,-1.0,-1.0
30.867,30.73,30.727,30.662,30.883,30.617,30.688,30.652,30.759,30.849,30.816,30.676,30.975,30.695,31.168,30.899,30.78,30.726,30.743,33.027,30.651,30.875,31.041,31.048,30.668,31.312,31.351,30.923,30.667,30.569,30.675,30.652,-1.0,-1.0,-1.0,-1.0,-1.0,-1.0,-1.0,-1.0
30.936,30.612,30.96,30.736,30.529,31.076,31.124,30.812,30.824,30.806,30.955,31.438,30.759,31.125,31.186,31.308,30.827,31.304,30.758,32.902,31.027,30.462,31.161,31.047,31.245,30.863,31.332,30.826,30.605,30.778,30.649,31.068,-1.0,-1.0,-1.0,-1.0,-1.0,-1.0,-1.0,-1.0
30.493,29.888,30.271,30.612,30.505,30.256,30.288,30.536,30.41,30.608,30.309,30.368,30.62,30.572,31.429,30.437,30.593,30.317,30.628,32.292,30.374,30.86,31.143,30.696,30.272,30.939,31.316,31.087,30.636,30.581,30.59,30.322,-1.0,-1.0,-1.0,-1.0,-1.0,-1.0,-1.0,-1.0
30.586,30.009,30.756,30.641,30.619,30.695,30.704,30.731,30.719,30.626,30.562,30.979,30.816,30.522,31.45,30.602,30.64,30.684,30.53,31.909,30.705,30.515,31.322,30.294,30.48,30.804,31.744,30.925,30.696,30.727,30.706,30.514,-1.0,-1.0,-1.0,-1.0,-1.0,-1.0,-1.0,-1.0
30.565,30.538,30.347,30.571,30.878,30.475,30.556,30.623,31.265,30.844,30.906,30.48,30.881,31.184,31.496,30.837,30.827,30.365,30.621,32.32,30.595,30.589,30.911,31.139,30.567,30.721,31.473,30.768,30.594,30.678,31.279,30.527,-1.0,-1.0,-1.0,-1.0,-1.0,-1.0,-1.0,-1.0
30.637,30.413,31.192,30.877,30.58,31.052,31.26,30.996,30.471,30.562,30.106,30.911,30.851,30.338,107.689,30.361,30.731,30.915,30.83,32.172,31.007,30.649,30.829,30.523,30.82,30.934,31.958,30.816,30.704,30.72,31.296,31.186,-1.0,-1.0,-1.0,-1.0,-1.0,-1.0,-1.0,-1.0
30.632,30.63,30.915,30.677,30.512,31.056,30.757,30.469,30.516,30.607,30.743,30.819,30.904,30.864,46.624,30.838,30.56,30.409,30.651,32.179,30.423,30.534,30.721,30.496,30.438,30.86,31.791,30.621,30.486,30.476,30.767,30.319,-1.0,-1.0,-1.0,-1.0,-1.0,-1.0,-1.0,-1.0
30.576,30.183,30.859,30.436,30.461,30.349,30.185,30.574,30.654,30.467,30.633,30.568,30.963,30.669,31.721,30.419,30.475,30.329,30.185,32.155,30.313,30.553,30.919,30.596,30.629,30.82,31.89,31.039,30.536,30.521,30.317,30.38,-1.0,-1.0,-1.0,-1.0,-1.0,-1.0,-1.0,-1.0
30.558,30.563,30.548,30.602,30.608,30.573,30.723,30.575,30.566,30.633,30.235,30.295,30.967,30.313,31.466,30.489,30.566,30.602,30.443,31.958,30.625,30.444,30.853,30.536,30.524,30.959,31.897,30.801,30.502,30.512,30.733,30.591,-1.0,-1.0,-1.0,-1.0,-1.0,-1.0,-1.0,-1.0
30.702,30.489,30.502,30.297,30.5,30.376,30.359,30.681,30.546,30.344,31.049,30.37,30.871,30.42,31.412,30.523,30.296,30.385,30.506,31.85,30.347,30.484,30.828,30.55,30.69,30.891,31.911,30.905,30.484,30.455,30.511,30.47,-1.0,-1.0,-1.0,-1.0,-1.0,-1.0,-1.0,-1.0
30.489,30.431,30.325,30.572,30.514,30.578,30.504,30.54,30.775,30.534,30.602,30.631,30.955,30.484,31.343,30.518,30.564,30.557,30.467,31.672,30.578,30.457,30.969,30.81,30.538,31.29,31.95,30.964,30.493,30.534,30.627,30.514,-1.0,-1.0,-1.0,-1.0,-1.0,-1.0,-1.0,-1.0
30.471,30.628,30.604,30.472,30.455,30.534,30.57,30.636,30.67,30.469,30.491,30.541,31.029,30.493,31.343,30.362,30.494,30.425,30.42,31.643,30.562,30.431,30.894,30.644,30.594,31.039,31.919,31.019,30.389,30.398,30.555,30.24,-1.0,-1.0,-1.0,-1.0,-1.0,-1.0,-1.0,-1.0
30.344,30.268,30.678,30.449,30.3,30.882,30.487,30.37,30.612,30.42,30.316,30.61,31.162,30.741,31.36,30.654,30.38,30.299,30.373,31.738,30.571,30.391,31.249,30.599,30.384,31.006,31.926,31.068,30.417,30.413,30.632,30.382,-1.0,-1.0,-1.0,-1.0,-1.0,-1.0,-1.0,-1.0
30.537,30.54,30.453,30.342,30.332,30.235,30.562,30.509,30.539,30.259,30.437,30.477,30.95,30.311,31.322,30.24,30.331,30.676,30.336,31.608,30.921,30.342,31.049,30.55,30.895,30.905,31.9,31.019,30.34,30.316,30.479,30.471,-1.0,-1.0,-1.0,-1.0,-1.0,-1.0,-1.0,-1.0
30.153,30.345,30.433,30.435,30.433,30.786,30.277,30.271,30.386,30.434,30.546,30.66,30.948,30.672,31.408,30.273,30.397,30.243,30.404,31.381,30.294,30.374,31.005,30.395,30.638,30.821,31.864,30.985,30.368,30.378,30.814,30.422,-1.0,-1.0,-1.0,-1.0,-1.0,-1.0,-1.0,-1.0
30.407,30.479,30.748,30.442,30.271,30.465,30.259,30.3,30.543,30.251,30.552,30.695,31.016,30.472,31.375,30.291,30.287,30.443,30.3,31.667,30.408,30.325,30.919,30.528,30.144,30.961,31.917,30.9,30.333,30.335,30.447,30.374,-1.0,-1.0,-1.0,-1.0,-1.0,-1.0,-1.0,-1.0
30.235,30.187,30.332,30.395,30.34,30.234,30.529,30.377,30.485,30.411,30.457,30.397,30.817,30.402,31.495,30.246,30.369,30.352,30.314,31.776,30.23,30.299,30.834,30.478,30.455,31.07,31.929,30.888,30.28,30.271,30.541,30.476,-1.0,-1.0,-1.0,-1.0,-1.0,-1.0,-1.0,-1.0
30.118,30.257,30.628,30.122,30.298,30.43,30.434,30.514,30.554,30.219,30.672,30.229,30.98,30.678,31.501,30.409,30.227,30.147,30.315,31.766,30.448,30.316,30.95,30.554,30.555,30.97,32.132,30.977,30.34,30.348,30.934,30.046,-1.0,-1.0,-1.0,-1.0,-1.0,-1.0,-1.0,-1.0
30.2,30.367,30.614,30.243,30.357,30.24,30.137,30.21,30.671,30.374,30.794,30.141,30.881,30.515,48.41,30.213,30.383,30.182,30.333,31.768,30.509,30.327,31.078,30.668,30.278,30.897,32.229,30.954,30.313,30.317,30.762,30.071,-1.0,-1.0,-1.0,-1.0,-1.0,-1.0,-1.0,-1.0
30.184,29.975,30.225,30.356,30.33,30.128,29.924,29.88,30.72,30.469,30.574,30.137,31.373,30.517,69.695,29.907,30.413,30.287,30.287,32.319,30.002,30.25,30.979,30.743,30.132,49.145,31.815,30.924,30.243,30.24,30.407,30.581,-1.0,-1.0,-1.0,-1.0,-1.0,-1.0,-1.0,-1.0
30.221,30.269,30.886,30.379,30.21,30.233,30.518,30.371,30.739,30.232,30.627,30.189,30.894,30.846,178.383,30.369,30.322,30.286,30.221,37.26,30.39,30.212,30.891,30.716,30.282,73.838,36.366,30.89,30.223,30.209,30.708,29.84,-1.0,-1.0,-1.0,-1.0,-1.0,-1.0,-1.0,-1.0
35.701,36.705,38.734,36.684,35.343,38.733,37.383,37.113,41.227,36.408,40.731,39.064,46.16,39.56,58.011,105.14,36.519,37.531,35.243,70.065,38.956,35.222,51.102,42.131,37.867,118.776,93.1,45.335,35.05,34.958,39.884,35.989,-1.0,-1.0,-1.0,-1.0,-1.0,-1.0,-1.0,-1.0
93.257,94.239,107.345,108.965,92.802,93.026,93.597,109.674,109.351,93.502,138.851,93.44,79.207,91.882,81.212,60.385,93.775,93.979,92.653,185.081,92.715,92.249,72.594,87.707,93.495,90.377,63.937,80.322,91.818,91.035,91.928,93.522,-1.0,-1.0,-1.0,-1.0,-1.0,-1.0,-1.0,-1.0
100.854,101.074,89.161,90.861,101.342,101.13,106.459,89.943,86.332,101.205,63.433,105.042,106.175,105.479,71.808,144.734,101.243,101.03,101.135,51.341,101.097,101.05,99.51,100.461,105.343,103.343,63.948,103.366,101.04,100.768,133.254,101.215,-1.0,-1.0,-1.0,-1.0,-1.0,-1.0,-1.0,-1.0
100.377,100.809,101.903,101.624,100.433,101.008,101.784,101.619,101.207,100.43,96.655,101.907,111.63,101.411,33.781,59.176,100.43,101.104,100.582,81.049,100.92,100.397,101.748,101.406,101.581,77.968,98.952,101.321,100.529,100.898,75.605,100.171,-1.0,-1.0,-1.0,-1.0,-1.0,-1.0,-1.0,-1.0
100.805,100.542,101.157,99.601,100.656,100.559,100.688,100.085,102.55,100.522,102.937,101.453,94.271,101.693,31.785,83.266,100.823,100.348,100.557,71.505,100.407,100.697,113.071,100.083,100.514,34.308,97.224,102.064,100.341,100.625,103.078,100.611,-1.0,-1.0,-1.0,-1.0,-1.0,-1.0,-1.0,-1.0
93.812,90.856,83.237,86.946,94.219,88.539,84.318,86.04,79.9,92.599,79.308,82.648,76.447,81.647,31.036,73.546,91.667,90.253,94.73,34.231,89.695,95.42,75.768,88.096,85.008,30.925,75.274,80.829,96.312,96.891,78.425,93.125,-1.0,-1.0,-1.0,-1.0,-1.0,-1.0,-1.0,-1.0
33.586,33.676,33.815,33.849,33.618,33.764,33.68,33.74,33.954,33.594,34.337,33.651,33.645,34.047,30.972,33.544,33.739,33.817,33.703,31.603,33.59,33.646,34.21,33.694,33.676,30.556,33.88,33.667,33.741,33.593,33.684,33.649,-1.0,-1.0,-1.0,-1.0,-1.0,-1.0,-1.0,-1.0
30.474,30.576,30.605,30.37,30.477,30.421,30.602,30.36,30.954,30.497,31.141,30.684,30.501,30.517,31.126,30.921,30.462,30.301,30.494,31.225,30.578,30.464,31.45,30.704,30.639,30.445,31.855,30.561,30.458,30.477,30.534,30.504,-1.0,-1.0,-1.0,-1.0,-1.0,-1.0,-1.0,-1.0
30.406,30.323,30.584,30.697,30.353,30.546,30.501,30.49,30.566,30.479,30.479,30.585,30.4,30.567,31.226,30.622,30.631,30.392,30.361,31.309,30.309,30.385,31.169,30.565,30.461,30.42,31.607,30.733,30.314,30.339,30.413,30.474,-1.0,-1.0,-1.0,-1.0,-1.0,-1.0,-1.0,-1.0
30.447,30.464,31.04,30.48,30.461,30.579,30.41,30.254,30.841,30.49,30.515,30.423,30.492,30.571,31.298,30.508,30.665,30.531,30.696,31.541,30.475,30.698,31.082,30.746,30.236,30.143,31.626,30.826,30.457,30.452,30.282,30.432,-1.0,-1.0,-1.0,-1.0,-1.0,-1.0,-1.0,-1.0
30.477,30.895,30.406,30.551,30.529,30.608,30.436,30.75,30.607,30.517,30.145,30.292,30.511,30.562,31.325,30.44,30.74,30.377,30.703,31.756,30.628,30.548,31.058,30.627,30.654,30.48,31.689,30.467,30.529,30.849,30.69,30.442,-1.0,-1.0,-1.0,-1.0,-1.0,-1.0,-1.0,-1.0
30.599,30.471,30.353,30.612,30.591,30.255,30.677,30.472,30.419,30.653,30.488,30.424,30.485,30.788,31.448,30.354,30.519,30.651,30.459,31.749,30.48,30.59,31.188,30.435,30.324,30.644,31.706,30.335,30.572,30.567,30.29,30.647,-1.0,-1.0,-1.0,-1.0,-1.0,-1.0,-1.0,-1.0
30.56,30.634,30.457,30.266,30.563,30.455,30.432,30.619,30.478,30.669,30.396,30.614,30.602,30.511,31.299,30.566,30.582,30.595,30.612,31.511,30.634,30.553,31.245,30.499,30.462,30.629,31.706,30.5,30.593,30.541,30.466,30.545,-1.0,-1.0,-1.0,-1.0,-1.0,-1.0,-1.0,-1.0
30.517,30.256,30.213,30.477,30.487,30.472,30.419,30.344,30.668,30.413,30.246,30.369,30.493,30.546,31.299,30.545,30.395,30.468,30.46,31.347,30.418,30.517,31.46,30.634,30.495,30.983,31.656,30.362,30.491,30.473,30.272,30.512,-1.0,-1.0,-1.0,-1.0,-1.0,-1.0,-1.0,-1.0
30.505,30.58,30.503,30.483,30.497,30.569,30.616,30.74,30.718,30.516,30.466,30.386,30.771,30.573,31.362,30.87,30.693,30.476,30.437,31.346,30.501,30.43,31.321,30.742,30.523,30.91,31.683,30.435,30.505,30.499,30.594,30.516,-1.0,-1.0,-1.0,-1.0,-1.0,-1.0,-1.0,-1.0
30.35,30.484,30.301,30.59,30.374,30.39,31.209,30.541,30.564,30.44,30.68,30.465,30.682,30.942,31.557,30.894,30.564,30.426,30.466,31.338,30.46,30.475,31.283,30.761,30.542,31.08,31.74,30.759,30.373,30.491,31.036,30.332,-1.0,-1.0,-1.0,-1.0,-1.0,-1.0,-1.0,-1.0
30.359,30.475,30.618,30.362,30.386,30.593,30.573,30.479,30.904,30.427,30.5,30.682,30.963,31.23,31.525,31.086,30.465,30.381,30.594,31.333,30.422,30.372,31.3,31.584,30.491,31.582,31.844,30.952,30.338,30.655,31.657,30.344,-1.0,-1.0,-1.0,-1.0,-1.0,-1.0,-1.0,-1.0
30.267,30.449,30.688,30.527,30.515,30.252,30.476,30.389,31.553,30.325,30.346,30.624,31.209,31.71,31.537,31.052,30.257,30.44,30.248,31.37,30.441,30.403,31.58,31.012,30.434,31.177,31.867,30.304,30.542,30.272,31.02,30.412,-1.0,-1.0,-1.0,-1.0,-1.0,-1.0,-1.0,-1.0
30.408,30.3,30.178,30.344,30.524,30.665,31.326,30.464,30.867,30.36,30.577,30.394,31.013,31.408,31.565,31.468,30.366,30.302,30.667,31.33,30.24,30.325,31.35,31.339,30.234,31.179,31.931,30.635,30.415,30.631,31.279,30.619,-1.0,-1.0,-1.0,-1.0,-1.0,-1.0,-1.0,-1.0
30.421,30.643,30.376,30.808,30.486,30.69,30.763,30.21,31.317,30.581,30.594,30.541,31.42,31.206,37.734,31.393,30.702,30.599,30.551,31.299,30.562,30.449,31.573,31.47,30.496,31.239,31.969,30.511,30.435,30.57,31.422,30.6,-1.0,-1.0,-1.0,-1.0,-1.0,-1.0,-1.0,-1.0
30.418,30.29,30.526,30.394,30.469,30.257,30.325,30.572,31.377,30.336,30.541,30.758,31.158,31.262,55.83,31.748,30.413,30.384,30.378,31.248,30.6,30.418,31.647,31.247,30.586,38.521,31.952,30.607,30.442,30.643,31.605,30.526,-1.0,-1.0,-1.0,-1.0,-1.0,-1.0,-1.0,-1.0
30.601,30.272,30.298,30.573,30.433,30.367,31.286,30.458,31.29,30.533,30.665,30.426,30.852,31.043,93.846,31.447,30.326,30.438,30.288,37.917,30.324,30.529,31.448,30.811,30.432,55.908,31.951,30.662,30.644,30.49,31.415,30.203,-1.0,-1.0,-1.0,-1.0,-1.0,-1.0,-1.0,-1.0
30.545,31.018,31.078,32.905,30.564,31.4,36.551,32.532,36.553,30.664,37.08,33.216,35.373,38.107,92.798,39.06,31.822,30.37,30.605,56.151,31.129,30.658,38.569,36.334,31.685,99.229,42.56,34.493,30.508,30.481,37.041,286.293,-1.0,-1.0,-1.0,-1.0,-1.0,-1.0,-1.0,-1.0
52.273,56.347,58.019,59.055,54.568,57.667,55.99,59.065,54.56,56.24,55.66,58.794,55.068,54.494,97.7,58.663,58.905,53.898,55.626,93.207,57.229,55.326,55.989,55.035,58.786,92.849,55.197,57.241,53.049,56.511,55.054,302.043,-1.0,-1.0,-1.0,-1.0,-1.0,-1.0,-1.0,-1.0
101.463,100.841,100.348,100.998,100.141,100.251,100.647,100.864,101.381,100.107,100.704,101.004,100.869,100.443,76.185,94.881,100.431,100.619,100.118,88.552,100.411,100.056,93.169,101.194,100.141,98.131,84.765,101.108,101.029,100.284,97.087,-1.0,-1.0,-1.0,-1.0,-1.0,-1.0,-1.0,-1.0,-1.0
109.209,106.915,114.18,111.003,108.823,121.962,102.254,111.673,137.061,107.626,170.631,103.713,101.802,99.859,46.323,117.345,105.164,130.359,107.992,38.507,123.705,128.031,92.778,122.069,105.181,73.789,96.939,103.445,109.034,107.29,121.342,-1.0,-1.0,-1.0,-1.0,-1.0,-1.0,-1.0,-1.0,-1.0
106.213,103.361,89.514,89.718,107.55,90.616,97.942,89.487,75.426,105.292,53.41,96.991,105.923,117.396,76.206,142.266,112.955,91.997,106.452,157.873,91.288,91.922,119.811,90.535,100.271,48.135,102.536,96.948,115.428,111.386,-1.0,-1.0,-1.0,-1.0,-1.0,-1.0,-1.0,-1.0,-1.0,-1.0
98.818,98.669,98.596,99.234,99.292,99.539,99.595,98.97,96.356,98.936,93.878,99.161,99.09,103.128,33.438,60.597,100.385,108.152,99.386,46.901,98.773,99.598,93.671,96.117,99.436,77.512,98.509,99.388,98.3,99.961,-1.0,-1.0,-1.0,-1.0,-1.0,-1.0,-1.0,-1.0,-1.0,-1.0
92.852,93.503,97.785,96.582,90.069,89.128,94.03,97.117,82.998,92.078,78.549,96.262,86.993,70.886,30.881,70.5,81.813,77.772,90.419,56.164,88.388,85.696,82.08,83.732,94.61,34.49,87.894,95.273,84.27,84.885,-1.0,-1.0,-1.0,-1.0,-1.0,-1.0,-1.0,-1.0,-1.0,-1.0
34.017,34.022,34.055,34.04,34.169,34.179,34.046,34.182,33.94,34.048,33.546,34.026,34.046,34.202,30.879,33.612,33.952,33.243,34.138,34.295,34.053,34.156,34.277,34.181,34.147,31.016,34.044,34.168,34.111,34.096,-1.0,-1.0,-1.0,-1.0,-1.0,-1.0,-1.0,-1.0,-1.0,-1.0
30.757,30.766,30.798,30.795,30.896,30.859,30.779,30.959,31.108,30.845,30.682,30.837,30.791,30.73,31.147,30.889,30.957,30.682,30.981,31.053,30.842,30.858,31.283,30.847,31.045,30.655,30.81,31.049,30.863,30.929,-1.0,-1.0,-1.0,-1.0,-1.0,-1.0,-1.0,-1.0,-1.0,-1.0
30.679,30.692,30.681,30.681,30.935,30.936,30.674,30.948,31.103,30.687,30.787,30.651,30.766,30.695,35.572,31.033,30.828,30.776,30.666,31.056,30.674,31.025,30.878,30.923,30.918,31.019,30.73,30.91,30.763,31.005,-1.0,-1.0,-1.0,-1.0,-1.0,-1.0,-1.0,-1.0,-1.0,-1.0
30.741,30.673,30.678,30.684,31.196,31.206,30.703,31.15,31.131,30.73,30.994,30.665,31.165,31.089,87.596,30.986,30.819,30.987,30.743,31.204,30.742,31.112,31.098,31.133,30.982,36.39,31.077,31.424,31.156,31.119,-1.0,-1.0,-1.0,-1.0,-1.0,-1.0,-1.0,-1.0,-1.0,-1.0
31.275,31.273,31.209,30.904,31.373,31.572,31.226,31.011,39.828,31.403,32.295,31.254,32.33,138.387,110.572,38.992,42.779,61.235,31.309,40.421,31.494,31.967,56.912,48.951,31.523,86.605,657.353,62.955,53.834,68.732,-1.0,-1.0,-1.0,-1.0,-1.0,-1.0,-1.0,-1.0,-1.0,-1.0
84.099,83.816,82.451,82.25,87.051,87.928,82.904,85.019,84.023,84.816,89.948,82.642,89.102,103.036,190.393,85.366,83.965,132.455,84.64,83.523,86.085,88.318,69.373,77.396,86.915,110.602,32.918,314.923,-1.0,-1.0,-1.0,-1.0,-1.0,-1.0,-1.0,-1.0,-1.0,-1.0,-1.0,-1.0
110.441,110.171,110.466,110.108,110.869,110.47,110.439,110.47,110.596,110.607,109.879,110.389,110.038,99.229,52.976,110.827,138.663,57.801,110.569,110.79,110.684,110.595,111.158,110.97,110.547,71.009,32.352,69.862,-1.0,-1.0,-1.0,-1.0,-1.0,-1.0,-1.0,-1.0,-1.0,-1.0,-1.0,-1.0
109.891,110.06,109.586,109.744,110.395,117.707,109.94,111.164,104.98,110.592,117.864,109.762,108.693,99.41,63.02,114.107,80.868,134.96,110.385,187.299,110.727,125.537,126.037,128.196,110.327,69.347,32.215,94.541,-1.0,-1.0,-1.0,-1.0,-1.0,-1.0,-1.0,-1.0,-1.0,-1.0,-1.0,-1.0
100.17,100.132,100.336,100.212,100.662,94.361,100.31,100.909,100.849,100.303,93.355,100.321,104.34,100.817,91.952,92.431,125.587,61.829,99.946,48.941,100.391,89.116,81.522,82.772,100.915,75.991,32.6,92.239,-1.0,-1.0,-1.0,-1.0,-1.0,-1.0,-1.0,-1.0,-1.0,-1.0,-1.0,-1.0
99.443,99.495,101.844,102.109,96.526,95.082,101.679,98.34,95.63,99.079,93.722,101.826,94.116,91.759,33.909,95.184,68.701,90.927,99.015,66.152,97.022,92.767,92.734,91.065,96.427,89.559,33.26,-1.0,-1.0,-1.0,-1.0,-1.0,-1.0,-1.0,-1.0,-1.0,-1.0,-1.0,-1.0,-1.0
96.671,97.05,96.562,96.939,94.977,94.669,95.99,95.179,94.923,95.342,94.354,96.244,93.337,33.447,30.977,94.123,91.442,92.453,96.124,93.041,95.588,93.722,93.398,92.63,95.285,92.197,32.339,-1.0,-1.0,-1.0,-1.0,-1.0,-1.0,-1.0,-1.0,-1.0,-1.0,-1.0,-1.0,-1.0
33.997,34.073,34.041,34.069,33.641,34.053,33.856,33.654,34.0,33.819,33.988,33.948,33.842,30.57,31.084,33.83,34.074,33.876,33.991,33.954,33.875,33.89,34.419,34.492,33.851,34.199,31.686,-1.0,-1.0,-1.0,-1.0,-1.0,-1.0,-1.0,-1.0,-1.0,-1.0,-1.0,-1.0,-1.0
30.535,30.489,30.549,30.495,30.639,30.45,30.582,30.656,30.506,30.619,30.681,30.543,30.621,30.332,30.678,30.794,30.731,30.667,30.509,31.085,30.521,30.733,30.997,31.063,30.503,30.643,32.091,-1.0,-1.0,-1.0,-1.0,-1.0,-1.0,-1.0,-1.0,-1.0,-1.0,-1.0,-1.0,-1.0
30.557,30.542,30.543,30.56,30.517,30.361,30.539,30.541,30.687,30.552,30.286,30.582,30.522,30.436,30.429,30.689,30.471,30.699,30.565,30.875,30.518,30.381,30.779,30.686,30.54,30.56,31.825,-1.0,-1.0,-1.0,-1.0,-1.0,-1.0,-1.0,-1.0,-1.0,-1.0,-1.0,-1.0,-1.0
30.394,30.405,30.689,30.714,30.662,30.384,30.696,30.676,30.743,30.678,30.236,30.691,30.593,30.671,30.645,30.858,30.316,30.414,30.431,31.526,30.459,30.194,30.816,31.015,30.425,30.321,31.743,-1.0,-1.0,-1.0,-1.0,-1.0,-1.0,-1.0,-1.0,-1.0,-1.0,-1.0,-1.0,-1.0
30.419,30.414,30.689,30.667,30.476,30.446,30.641,30.601,30.777,30.62,30.462,30.659,30.262,30.631,30.622,30.608,30.715,30.592,30.527,31.137,30.338,30.485,30.857,31.064,30.425,30.577,31.776,-1.0,-1.0,-1.0,-1.0,-1.0,-1.0,-1.0,-1.0,-1.0,-1.0,-1.0,-1.0,-1.0
30.503,30.525,30.715,30.625,30.821,30.714,30.816,31.016,30.696,30.991,30.739,30.715,31.015,30.496,30.562,31.049,30.987,30.899,30.633,30.827,30.492,30.862,30.899,30.869,30.692,30.835,43.4,-1.0,-1.0,-1.0,-1.0,-1.0,-1.0,-1.0,-1.0,-1.0,-1.0,-1.0,-1.0,-1.0
30.464,30.484,30.547,30.552,30.432,30.536,30.469,30.406,30.85,30.416,30.561,30.529,30.848,30.252,30.569,30.552,30.72,30.589,30.558,30.899,30.472,30.463,31.006,30.94,30.574,30.312,78.178,-1.0,-1.0,-1.0,-1.0,-1.0,-1.0,-1.0,-1.0,-1.0,-1.0,-1.0,-1.0,-1.0
30.535,30.521,30.463,30.547,30.486,30.49,30.454,30.478,30.776,30.415,30.462,30.475,30.242,30.621,30.569,30.463,30.56,30.299,30.531,31.583,30.536,30.436,31.22,30.831,30.539,30.294,86.327,-1.0,-1.0,-1.0,-1.0,-1.0,-1.0,-1.0,-1.0,-1.0,-1.0,-1.0,-1.0,-1.0
30.548,30.553,30.809,30.479,30.55,30.621,30.411,30.599,30.636,30.652,30.772,30.813,30.682,30.564,30.613,30.644,30.312,30.411,30.413,31.024,30.552,30.701,31.084,31.135,30.302,30.515,98.164,-1.0,-1.0,-1.0,-1.0,-1.0,-1.0,-1.0,-1.0,-1.0,-1.0,-1.0,-1.0,-1.0
30.507,30.5,30.208,30.368,30.516,30.362,30.26,30.568,30.89,30.443,30.566,30.39,30.66,30.285,30.422,30.444,30.832,30.678,30.445,30.757,30.508,30.609,31.138,31.08,30.427,30.608,114.891,-1.0,-1.0,-1.0,-1.0,-1.0,-1.0,-1.0,-1.0,-1.0,-1.0,-1.0,-1.0,-1.0
30.447,30.451,30.44,30.452,30.199,30.432,30.436,30.337,30.345,30.453,30.065,30.405,30.23,30.361,34.989,30.339,30.434,30.645,30.402,31.068,30.398,30.249,31.085,31.168,30.425,30.112,82.36,-1.0,-1.0,-1.0,-1.0,-1.0,-1.0,-1.0,-1.0,-1.0,-1.0,-1.0,-1.0,-1.0
30.392,30.403,30.595,30.538,30.438,30.387,30.429,30.263,30.291,30.299,30.188,30.499,30.617,33.94,92.909,30.415,30.405,30.345,30.439,31.15,30.414,30.307,31.295,31.432,30.562,30.207,34.857,-1.0,-1.0,-1.0,-1.0,-1.0,-1.0,-1.0,-1.0,-1.0,-1.0,-1.0,-1.0,-1.0
31.883,31.763,33.279,33.105,33.017,32.855,32.675,33.782,34.786,33.622,32.713,33.364,33.964,90.717,86.603,34.387,34.749,34.376,32.523,199.808,32.218,33.687,102.049,38.418,32.459,34.126,32.181,-1.0,-1.0,-1.0,-1.0,-1.0,-1.0,-1.0,-1.0,-1.0,-1.0,-1.0,-1.0,-1.0
84.736,84.452,87.926,87.458,87.796,87.118,86.132,89.196,92.385,88.525,86.811,88.14,92.065,85.855,97.928,92.274,91.706,139.282,85.556,53.707,85.217,90.324,59.168,85.576,85.933,91.053,31.646,-1.0,-1.0,-1.0,-1.0,-1.0,-1.0,-1.0,-1.0,-1.0,-1.0,-1.0,-1.0,-1.0
101.082,101.214,107.319,107.557,98.49,106.266,99.694,113.524,109.943,97.959,107.74,98.592,94.503,42.479,77.445,113.71,114.276,57.963,99.943,70.903,107.325,105.575,52.17,86.474,99.802,103.572,31.945,-1.0,-1.0,-1.0,-1.0,-1.0,-1.0,-1.0,-1.0,-1.0,-1.0,-1.0,-1.0,-1.0
101.906,102.0,95.389,95.492,103.531,93.268,110.25,93.233,91.66,107.476,95.097,104.245,105.088,81.035,46.478,93.094,89.671,127.48,104.022,98.928,93.502,96.307,117.993,175.994,102.607,95.797,31.878,-1.0,-1.0,-1.0,-1.0,-1.0,-1.0,-1.0,-1.0,-1.0,-1.0,-1.0,-1.0,-1.0
97.731,97.104,98.585,98.285,97.935,98.25,98.96,98.451,98.802,98.831,98.172,98.734,99.376,107.008,75.573,94.774,109.791,69.934,98.083,83.683,97.482,98.885,124.44,54.427,97.94,98.957,31.923,-1.0,-1.0,-1.0,-1.0,-1.0,-1.0,-1.0,-1.0,-1.0,-1.0,-1.0,-1.0,-1.0
95.478,96.406,89.995,90.848,91.688,94.498,85.48,84.661,84.074,86.513,91.895,89.378,86.951,72.089,33.062,83.796,72.166,83.827,92.781,33.634,96.852,87.744,52.063,65.734,93.803,88.592,31.775,-1.0,-1.0,-1.0,-1.0,-1.0,-1.0,-1.0,-1.0,-1.0,-1.0,-1.0,-1.0,-1.0
34.026,34.076,34.021,33.924,33.985,34.097,33.971,33.856,33.764,33.761,34.091,33.913,33.818,33.583,30.805,33.736,33.269,33.515,33.968,31.193,34.029,33.943,34.063,34.949,33.978,33.85,31.939,-1.0,-1.0,-1.0,-1.0,-1.0,-1.0,-1.0,-1.0,-1.0,-1.0,-1.0,-1.0,-1.0
30.571,30.566,30.721,30.531,30.752,30.709,30.665,30.802,30.764,30.814,30.809,30.494,30.724,31.198,30.74,31.315,30.999,31.182,30.583,31.491,30.605,30.552,31.94,31.651,30.574,30.716,31.819,-1.0,-1.0,-1.0,-1.0,-1.0,-1.0,-1.0,-1.0,-1.0,-1.0,-1.0,-1.0,-1.0
30.43,30.434,30.473,30.43,30.485,30.658,30.448,30.369,30.337,30.398,30.515,30.515,30.468,30.567,30.33,30.683,31.073,30.611,30.409,30.761,30.424,30.484,31.657,31.999,30.44,30.462,31.929,-1.0,-1.0,-1.0,-1.0,-1.0,-1.0,-1.0,-1.0,-1.0,-1.0,-1.0,-1.0,-1.0
30.576,30.576,30.659,30.727,30.637,30.417,30.471,30.811,30.68,30.69,30.393,30.617,30.675,30.539,30.538,30.494,30.695,30.38,30.572,30.656,30.562,30.44,32.048,32.304,30.549,30.673,31.649,-1.0,-1.0,-1.0,-1.0,-1.0,-1.0,-1.0,-1.0,-1.0,-1.0,-1.0,-1.0,-1.0
30.645,30.648,30.445,30.577,30.394,30.597,30.521,30.375,30.583,30.279,30.422,30.58,30.32,30.278,30.619,30.376,30.65,30.448,30.674,30.517,30.637,30.329,31.871,31.855,30.702,30.315,31.79,-1.0,-1.0,-1.0,-1.0,-1.0,-1.0,-1.0,-1.0,-1.0,-1.0,-1.0,-1.0,-1.0
30.598,30.468,30.428,30.605,30.487,30.513,30.4,30.152,30.428,30.803,30.419,30.64,30.729,30.351,30.438,30.414,30.63,30.419,30.486,30.505,30.613,30.504,31.744,31.725,30.451,30.67,31.849,-1.0,-1.0,-1.0,-1.0,-1.0,-1.0,-1.0,-1.0,-1.0,-1.0,-1.0,-1.0,-1.0
30.499,30.597,30.575,30.573,30.556,30.59,30.706,30.725,30.676,30.431,30.595,30.535,30.485,30.276,30.657,30.565,30.785,30.463,30.538,30.836,30.497,30.522,31.894,32.003,30.551,30.56,31.737,-1.0,-1.0,-1.0,-1.0,-1.0,-1.0,-1.0,-1.0,-1.0,-1.0,-1.0,-1.0,-1.0
30.427,30.601,30.43,30.397,30.498,30.432,30.323,30.394,30.69,30.568,30.597,30.415,30.545,30.495,30.896,30.509,30.741,30.582,30.523,30.773,30.616,30.58,31.906,31.76,30.5,30.456,31.824,-1.0,-1.0,-1.0,-1.0,-1.0,-1.0,-1.0,-1.0,-1.0,-1.0,-1.0,-1.0,-1.0
30.724,30.534,30.786,30.61,30.701,30.599,30.761,30.872,30.785,30.616,30.651,30.756,30.637,30.803,30.622,30.666,30.902,30.727,30.594,30.718,30.591,30.68,31.852,31.868,30.641,30.714,31.756,-1.0,-1.0,-1.0,-1.0,-1.0,-1.0,-1.0,-1.0,-1.0,-1.0,-1.0,-1.0,-1.0
30.65,30.693,30.551,30.816,30.552,30.86,30.581,30.622,30.534,30.852,30.517,30.683,30.839,30.698,30.736,30.586,30.858,30.747,30.781,30.788,30.646,30.501,31.853,31.821,30.731,30.68,31.818,-1.0,-1.0,-1.0,-1.0,-1.0,-1.0,-1.0,-1.0,-1.0,-1.0,-1.0,-1.0,-1.0
30.402,30.555,30.627,30.512,30.56,30.5,30.699,30.44,30.737,30.425,30.438,30.566,30.446,30.505,30.603,30.632,30.94,30.455,30.567,30.687,30.549,30.469,31.832,31.801,30.535,30.591,31.883,-1.0,-1.0,-1.0,-1.0,-1.0,-1.0,-1.0,-1.0,-1.0,-1.0,-1.0,-1.0,-1.0
30.48,30.483,30.833,30.461,30.313,30.443,30.682,30.863,30.534,30.823,30.463,30.434,30.815,30.87,30.755,30.618,30.698,30.482,30.438,30.751,30.504,30.453,31.788,31.803,30.504,30.434,31.865,-1.0,-1.0,-1.0,-1.0,-1.0,-1.0,-1.0,-1.0,-1.0,-1.0,-1.0,-1.0,-1.0
30.435,30.469,30.414,30.567,30.425,30.52,30.377,30.236,30.691,30.375,30.453,30.516,30.367,30.471,30.609,30.746,30.709,30.737,30.484,30.764,30.467,30.459,31.791,31.791,30.454,30.367,32.039,-1.0,-1.0,-1.0,-1.0,-1.0,-1.0,-1.0,-1.0,-1.0,-1.0,-1.0,-1.0,-1.0
30.477,30.469,30.49,30.521,30.634,30.495,30.401,30.445,30.424,30.17,30.523,30.516,30.602,30.535,30.296,30.638,30.799,30.294,30.446,30.88,30.477,30.499,31.79,31.795,30.442,30.435,32.463,-1.0,-1.0,-1.0,-1.0,-1.0,-1.0,-1.0,-1.0,-1.0,-1.0,-1.0,-1.0,-1.0
30.433,30.425,30.375,30.285,30.311,30.371,30.398,30.705,30.345,30.427,30.414,30.409,30.247,30.427,30.445,30.361,30.834,30.372,30.422,30.846,30.418,30.423,31.885,31.871,30.479,30.684,32.94,-1.0,-1.0,-1.0,-1.0,-1.0,-1.0,-1.0,-1.0,-1.0,-1.0,-1.0,-1.0,-1.0
30.421,30.442,30.349,30.34,30.44,30.55,30.498,30.49,30.291,30.474,30.414,30.441,30.827,30.718,30.568,30.403,30.865,30.56,30.526,30.979,30.428,30.424,31.762,31.765,30.445,30.477,32.498,-1.0,-1.0,-1.0,-1.0,-1.0,-1.0,-1.0,-1.0,-1.0,-1.0,-1.0,-1.0,-1.0
30.317,30.404,30.216,30.364,30.288,30.319,30.337,30.208,30.454,30.394,30.302,30.387,30.282,30.58,30.845,30.644,31.002,30.617,30.35,31.185,30.444,30.327,31.842,31.847,30.393,30.423,31.928,-1.0,-1.0,-1.0,-1.0,-1.0,-1.0,-1.0,-1.0,-1.0,-1.0,-1.0,-1.0,-1.0
30.433,30.288,30.207,30.268,30.41,30.424,30.336,30.22,30.412,30.602,30.435,30.293,30.478,30.714,30.445,30.653,31.151,30.638,30.268,31.158,30.276,30.384,31.851,31.831,30.29,30.292,31.716,-1.0,-1.0,-1.0,-1.0,-1.0,-1.0,-1.0,-1.0,-1.0,-1.0,-1.0,-1.0,-1.0
30.341,30.422,30.541,30.463,30.393,30.544,30.007,30.259,30.111,30.087,30.31,30.527,30.048,30.69,30.494,30.645,31.157,30.404,30.444,31.179,30.444,30.37,31.901,31.916,30.42,30.222,31.609,-1.0,-1.0,-1.0,-1.0,-1.0,-1.0,-1.0,-1.0,-1.0,-1.0,-1.0,-1.0,-1.0
30.24,30.325,30.261,30.36,30.383,30.528,30.364,30.399,30.144,30.39,30.188,30.669,30.299,30.519,30.578,30.496,31.232,30.483,30.365,31.295,30.207,30.417,31.953,31.984,30.342,30.274,31.637,-1.0,-1.0,-1.0,-1.0,-1.0,-1.0,-1.0,-1.0,-1.0,-1.0,-1.0,-1.0,-1.0
30.179,30.189,30.236,30.318,30.336,30.529,30.413,30.338,30.562,30.439,30.202,30.962,30.535,30.471,30.44,30.446,31.31,30.509,30.138,31.333,30.213,30.529,32.498,32.505,30.148,30.272,31.709,-1.0,-1.0,-1.0,-1.0,-1.0,-1.0,-1.0,-1.0,-1.0,-1.0,-1.0,-1.0,-1.0
30.35,30.354,30.534,30.4,30.363,30.222,30.346,30.25,30.371,30.337,30.345,30.217,30.339,30.546,30.425,30.57,31.324,30.478,30.33,31.405,30.375,30.5,32.683,32.666,30.371,30.485,32.386,-1.0,-1.0,-1.0,-1.0,-1.0,-1.0,-1.0,-1.0,-1.0,-1.0,-1.0,-1.0,-1.0
30.545,30.451,30.646,30.505,30.571,30.737,30.637,31.362,30.708,30.659,30.533,30.809,30.637,30.46,30.963,30.432,31.379,30.527,30.55,31.417,30.509,31.102,32.112,32.119,30.486,30.622,32.261,-1.0,-1.0,-1.0,-1.0,-1.0,-1.0,-1.0,-1.0,-1.0,-1.0,-1.0,-1.0,-1.0
30.417,30.404,30.207,30.28,30.292,30.529,30.26,30.731,30.736,30.763,30.42,30.57,30.818,30.777,31.163,30.788,31.378,30.747,30.329,31.42,30.378,30.779,31.729,31.704,30.371,30.442,32.126,-1.0,-1.0,-1.0,-1.0,-1.0,-1.0,-1.0,-1.0,-1.0,-1.0,-1.0,-1.0,-1.0
30.364,30.421,30.386,30.425,30.434,30.351,30.352,30.382,30.597,30.301,30.374,30.428,30.3,30.677,30.84,30.725,31.424,30.654,30.422,31.331,30.389,30.382,31.572,31.58,30.43,30.634,32.077,-1.0,-1.0,-1.0,-1.0,-1.0,-1.0,-1.0,-1.0,-1.0,-1.0,-1.0,-1.0,-1.0
30.542,30.517,30.42,30.444,30.447,30.297,30.426,30.294,30.3,30.284,30.509,30.236,30.239,30.697,30.904,30.664,31.379,30.726,30.472,31.441,30.542,30.242,31.706,31.663,30.476,30.228,32.132,-1.0,-1.0,-1.0,-1.0,-1.0,-1.0,-1.0,-1.0,-1.0,-1.0,-1.0,-1.0,-1.0
30.514,30.509,30.654,30.614,30.583,30.338,30.661,30.19,30.325,30.232,30.536,30.443,30.236,30.7,30.978,30.706,31.41,30.755,30.558,31.421,30.518,30.297,32.072,31.837,30.533,30.364,32.136,-1.0,-1.0,-1.0,-1.0,-1.0,-1.0,-1.0,-1.0,-1.0,-1.0,-1.0,-1.0,-1.0
30.522,30.588,30.501,30.529,30.558,30.482,30.498,30.271,30.347,30.492,30.558,30.209,30.358,30.908,30.952,30.898,31.417,30.89,30.573,31.357,30.591,30.536,32.34,32.252,30.591,30.486,32.161,-1.0,-1.0,-1.0,-1.0,-1.0,-1.0,-1.0,-1.0,-1.0,-1.0,-1.0,-1.0,-1.0
30.574,30.535,30.653,30.587,30.557,30.683,30.63,30.688,30.514,30.684,30.557,30.652,30.698,30.942,30.952,30.915,31.38,30.962,30.534,31.419,30.522,30.656,32.297,32.318,30.528,30.67,32.46,-1.0,-1.0,-1.0,-1.0,-1.0,-1.0,-1.0,-1.0,-1.0,-1.0,-1.0,-1.0,-1.0
30.493,30.52,30.475,30.476,30.493,30.486,30.445,30.559,30.575,30.492,30.499,30.522,30.528,31.059,30.925,31.023,31.429,31.01,30.518,31.451,30.497,30.501,32.113,32.45,30.513,30.501,31.754,-1.0,-1.0,-1.0,-1.0,-1.0,-1.0,-1.0,-1.0,-1.0,-1.0,-1.0,-1.0,-1.0
30.569,30.591,30.546,30.614,30.619,30.612,30.603,30.732,30.536,30.717,30.568,30.588,30.711,30.924,30.976,30.959,31.452,31.006,30.599,31.381,30.566,30.626,32.178,32.192,30.588,30.466,31.49,-1.0,-1.0,-1.0,-1.0,-1.0,-1.0,-1.0,-1.0,-1.0,-1.0,-1.0,-1.0,-1.0
30.587,30.563,30.729,30.647,30.612,30.631,30.688,30.868,30.562,30.513,30.59,30.559,30.555,30.986,30.843,30.996,31.402,30.949,30.61,31.312,30.585,30.575,32.15,32.128,30.605,30.743,31.516,-1.0,-1.0,-1.0,-1.0,-1.0,-1.0,-1.0,-1.0,-1.0,-1.0,-1.0,-1.0,-1.0
30.507,30.534,30.57,30.496,30.546,30.606,30.524,30.685,30.663,30.658,30.499,30.657,30.709,30.948,30.791,30.941,31.273,30.929,30.519,31.057,30.504,30.644,32.076,32.097,30.544,30.586,31.533,-1.0,-1.0,-1.0,-1.0,-1.0,-1.0,-1.0,-1.0,-1.0,-1.0,-1.0,-1.0,-1.0
30.436,30.435,30.337,30.452,30.383,30.451,30.405,30.473,30.479,30.468,30.425,30.526,30.421,30.885,30.827,30.869,31.061,30.926,30.422,30.945,30.43,30.435,32.046,32.039,30.42,30.387,36.342,-1.0,-1.0,-1.0,-1.0,-1.0,-1.0,-1.0,-1.0,-1.0,-1.0,-1.0,-1.0,-1.0
30.444,30.43,30.371,30.411,30.432,30.353,30.381,30.287,30.304,30.348,30.475,30.275,30.326,30.95,30.808,30.963,30.905,30.955,30.429,31.363,30.464,30.36,32.098,32.122,30.421,30.312,41.782,-1.0,-1.0,-1.0,-1.0,-1.0,-1.0,-1.0,-1.0,-1.0,-1.0,-1.0,-1.0,-1.0
30.439,30.456,30.494,30.408,30.41,30.364,30.451,30.31,30.355,30.416,30.437,30.342,30.386,30.971,30.687,31.005,31.465,30.993,30.407,31.793,30.462,30.399,32.394,32.391,30.44,30.49,72.766,-1.0,-1.0,-1.0,-1.0,-1.0,-1.0,-1.0,-1.0,-1.0,-1.0,-1.0,-1.0,-1.0
30.462,30.452,30.389,30.441,30.458,30.496,30.456,30.514,30.548,30.365,30.452,30.582,30.409,30.959,30.822,30.921,31.772,30.944,30.486,31.585,30.45,30.436,31.822,31.759,30.472,30.467,101.584,-1.0,-1.0,-1.0,-1.0,-1.0,-1.0,-1.0,-1.0,-1.0,-1.0,-1.0,-1.0,-1.0
30.386,30.439,30.445,30.461,30.463,30.384,30.405,30.432,30.346,30.472,30.416,30.268,30.455,30.992,31.074,30.987,31.534,30.972,30.435,31.579,30.438,30.436,31.479,31.497,30.42,30.403,105.705,-1.0,-1.0,-1.0,-1.0,-1.0,-1.0,-1.0,-1.0,-1.0,-1.0,-1.0,-1.0,-1.0
30.446,30.396,30.4,30.352,30.377,30.469,30.415,30.223,30.489,30.411,30.425,30.411,30.342,31.049,30.971,31.064,31.585,31.057,30.389,31.585,30.4,30.417,31.455,31.49,30.388,30.403,81.622,-1.0,-1.0,-1.0,-1.0,-1.0,-1.0,-1.0,-1.0,-1.0,-1.0,-1.0,-1.0,-1.0
30.324,30.382,30.467,30.437,30.427,30.394,30.424,30.455,30.476,30.453,30.361,30.616,30.696,30.981,30.979,30.96,31.566,30.981,30.386,31.539,30.434,30.559,31.404,31.479,30.374,30.76,34.433,-1.0,-1.0,-1.0,-1.0,-1.0,-1.0,-1.0,-1.0,-1.0,-1.0,-1.0,-1.0,-1.0
30.389,30.329,30.295,30.295,30.3,30.278,30.337,30.712,30.413,30.23,30.332,30.727,30.47,30.949,36.816,31.007,31.598,30.923,30.335,32.042,30.278,30.522,34.792,35.225,30.356,30.25,31.912,-1.0,-1.0,-1.0,-1.0,-1.0,-1.0,-1.0,-1.0,-1.0,-1.0,-1.0,-1.0,-1.0
30.176,30.298,31.643,31.455,30.943,31.683,31.458,32.786,32.578,31.574,30.205,33.127,31.589,34.99,52.345,36.167,32.911,35.091,36.661,40.94,30.255,31.515,39.419,40.985,30.353,32.119,32.281,-1.0,-1.0,-1.0,-1.0,-1.0,-1.0,-1.0,-1.0,-1.0,-1.0,-1.0,-1.0,-1.0
47.568,52.101,53.134,52.192,52.351,53.809,52.443,56.343,56.176,55.684,49.148,56.221,56.708,49.107,71.865,52.107,40.49,48.559,55.169,76.247,49.734,56.249,75.274,74.095,52.527,54.352,32.341,-1.0,-1.0,-1.0,-1.0,-1.0,-1.0,-1.0,-1.0,-1.0,-1.0,-1.0,-1.0,-1.0
91.755,89.073,88.912,89.193,89.127,88.455,89.44,101.727,86.462,87.446,90.567,87.224,86.555,84.029,48.078,94.781,78.925,82.635,86.743,182.206,90.838,102.67,101.779,184.115,89.226,87.901,39.715,-1.0,-1.0,-1.0,-1.0,-1.0,-1.0,-1.0,-1.0,-1.0,-1.0,-1.0,-1.0,-1.0
100.178,100.903,100.984,101.034,100.857,101.164,100.744,88.649,101.97,101.748,100.27,102.98,101.87,103.704,142.862,88.389,126.298,102.446,212.375,48.234,100.927,89.203,106.374,52.974,100.745,101.614,50.86,-1.0,-1.0,-1.0,-1.0,-1.0,-1.0,-1.0,-1.0,-1.0,-1.0,-1.0,-1.0,-1.0
100.653,99.64,100.171,99.784,99.779,100.362,99.949,101.326,100.566,100.356,100.613,100.356,100.333,101.998,52.253,101.084,78.625,100.535,77.736,60.284,99.561,100.294,81.806,52.795,99.71,100.427,88.287,-1.0,-1.0,-1.0,-1.0,-1.0,-1.0,-1.0,-1.0,-1.0,-1.0,-1.0,-1.0,-1.0
97.221,95.288,91.944,93.383,94.033,91.196,92.913,85.235,88.052,89.713,96.687,85.968,89.045,83.146,52.888,84.158,82.228,87.445,33.107,33.657,96.07,86.604,33.949,34.299,94.703,90.127,98.074,-1.0,-1.0,-1.0,-1.0,-1.0,-1.0,-1.0,-1.0,-1.0,-1.0,-1.0,-1.0,-1.0
33.549,33.426,33.41,33.476,33.376,33.528,33.462,33.505,33.526,33.529,33.408,33.518,33.563,33.524,33.469,33.5,33.455,33.496,30.72,30.978,33.517,33.427,31.095,31.933,33.493,33.389,99.286,-1.0,-1.0,-1.0,-1.0,-1.0,-1.0,-1.0,-1.0,-1.0,-1.0,-1.0,-1.0,-1.0
30.273,30.267,30.248,30.321,30.269,30.26,30.307,30.305,30.403,30.294,30.271,30.39,30.4,30.507,30.596,30.446,30.521,30.364,30.26,30.751,30.295,30.367,30.797,32.285,30.303,30.283,109.294,-1.0,-1.0,-1.0,-1.0,-1.0,-1.0,-1.0,-1.0,-1.0,-1.0,-1.0,-1.0,-1.0
30.212,30.198,30.245,30.196,30.218,30.51,30.231,30.238,30.193,30.461,30.248,30.331,30.281,30.578,30.219,30.511,30.489,29.957,30.324,30.723,30.197,30.187,30.96,32.612,30.203,30.573,79.855,-1.0,-1.0,-1.0,-1.0,-1.0,-1.0,-1.0,-1.0,-1.0,-1.0,-1.0,-1.0,-1.0
30.309,30.397,30.442,30.219,30.413,30.247,30.202,30.197,30.282,30.221,30.228,30.359,30.493,30.139,30.727,30.452,30.433,30.361,34.5,36.81,30.174,30.257,37.58,40.107,30.206,30.469,45.047,-1.0,-1.0,-1.0,-1.0,-1.0,-1.0,-1.0,-1.0,-1.0,-1.0,-1.0,-1.0,-1.0
30.275,31.726,31.959,30.735,31.913,31.903,31.021,34.229,32.474,32.993,30.123,34.624,34.028,34.191,35.917,34.49,35.098,38.608,58.779,56.386,30.216,32.056,55.596,51.908,44.403,33.029,77.489,-1.0,-1.0,-1.0,-1.0,-1.0,-1.0,-1.0,-1.0,-1.0,-1.0,-1.0,-1.0,-1.0
55.086,55.215,56.116,55.08,55.552,56.34,55.063,57.792,56.731,57.047,52.673,58.319,58.577,58.154,57.761,58.699,58.416,128.213,88.743,89.389,54.62,57.099,89.547,87.411,61.022,58.052,102.17,-1.0,-1.0,-1.0,-1.0,-1.0,-1.0,-1.0,-1.0,-1.0,-1.0,-1.0,-1.0,-1.0
89.99,88.741,88.487,90.113,88.602,88.194,90.056,87.036,87.766,88.371,91.486,87.772,87.605,88.794,89.187,88.388,88.953,56.611,85.859,98.283,89.961,88.747,98.17,98.599,84.409,88.452,104.473,-1.0,-1.0,-1.0,-1.0,-1.0,-1.0,-1.0,-1.0,-1.0,-1.0,-1.0,-1.0,-1.0
98.533,99.002,100.299,99.296,99.736,100.678,100.285,99.957,100.612,100.267,98.656,99.285,99.211,99.022,98.441,108.838,98.145,124.902,39.97,99.727,98.687,100.163,99.628,99.346,97.893,116.585,82.73,-1.0,-1.0,-1.0,-1.0,-1.0,-1.0,-1.0,-1.0,-1.0,-1.0,-1.0,-1.0,-1.0
100.432,100.139,100.283,100.139,100.252,100.406,100.123,100.373,100.612,100.594,100.796,100.087,100.175,100.181,99.553,95.075,99.982,51.053,78.737,104.376,100.529,100.76,106.715,105.358,100.424,90.469,37.348,-1.0,-1.0,-1.0,-1.0,-1.0,-1.0,-1.0,-1.0,-1.0,-1.0,-1.0,-1.0,-1.0
100.514,100.467,100.361,100.476,100.273,100.332,100.198,101.838,100.388,100.997,100.248,102.27,102.128,102.338,102.461,99.597,102.453,90.644,105.262,83.369,100.278,100.725,81.079,82.052,101.752,100.09,33.73,-1.0,-1.0,-1.0,-1.0,-1.0,-1.0,-1.0,-1.0,-1.0,-1.0,-1.0,-1.0,-1.0
95.486,94.936,92.583,94.464,94.06,92.012,93.696,88.711,91.459,89.898,96.364,87.546,88.269,86.948,85.683,84.674,86.424,81.889,78.136,40.914,95.97,90.502,42.387,43.692,82.153,83.967,48.659,-1.0,-1.0,-1.0,-1.0,-1.0,-1.0,-1.0,-1.0,-1.0,-1.0,-1.0,-1.0,-1.0
35.285,35.067,35.291,35.346,35.357,35.49,35.508,35.809,35.55,35.87,35.154,35.929,35.97,36.139,36.894,36.164,36.204,37.579,37.112,81.398,34.966,35.66,80.248,78.381,40.542,-1.0,-1.0,-1.0,-1.0,-1.0,-1.0,-1.0,-1.0,-1.0,-1.0,-1.0,-1.0,-1.0,-1.0,-1.0
79.875,79.447,80.292,80.766,80.902,80.836,81.048,82.006,81.024,82.524,78.988,82.692,83.143,83.518,84.529,84.383,83.829,83.421,84.176,55.476,78.619,81.501,102.492,102.026,85.247,-1.0,-1.0,-1.0,-1.0,-1.0,-1.0,-1.0,-1.0,-1.0,-1.0,-1.0,-1.0,-1.0,-1.0,-1.0
99.303,100.732,99.905,99.888,100.676,100.358,101.309,101.879,100.679,102.1,100.097,102.32,102.439,102.409,102.757,103.036,102.863,103.291,102.994,50.293,100.285,101.381,104.241,104.594,134.334,-1.0,-1.0,-1.0,-1.0,-1.0,-1.0,-1.0,-1.0,-1.0,-1.0,-1.0,-1.0,-1.0,-1.0,-1.0
100.941,100.823,101.378,101.466,101.422,101.193,101.783,102.103,101.541,101.84,100.94,102.042,101.969,102.348,102.438,102.279,102.11,103.33,103.137,101.091,100.168,101.839,82.707,82.235,153.775,-1.0,-1.0,-1.0,-1.0,-1.0,-1.0,-1.0,-1.0,-1.0,-1.0,-1.0,-1.0,-1.0,-1.0,-1.0
96.618,95.923,95.169,94.556,93.655,94.155,92.366,90.281,93.32,89.811,96.848,89.08,88.623,87.654,85.702,86.199,87.178,83.727,84.785,83.524,97.936,91.756,34.38,34.805,37.186,-1.0,-1.0,-1.0,-1.0,-1.0,-1.0,-1.0,-1.0,-1.0,-1.0,-1.0,-1.0,-1.0,-1.0,-1.0
33.708,33.832,33.768,33.604,33.601,33.715,33.707,33.675,33.456,33.392,34.367,33.632,33.416,33.516,33.353,33.383,33.727,33.467,33.075,33.687,33.796,33.404,31.47,32.439,36.645,-1.0,-1.0,-1.0,-1.0,-1.0,-1.0,-1.0,-1.0,-1.0,-1.0,-1.0,-1.0,-1.0,-1.0,-1.0
30.198,30.402,30.381,30.356,30.343,30.421,30.42,30.375,30.37,30.351,30.344,30.557,30.565,30.56,30.585,30.852,30.863,30.738,30.987,30.503,30.407,30.347,42.898,48.774,47.579,-1.0,-1.0,-1.0,-1.0,-1.0,-1.0,-1.0,-1.0,-1.0,-1.0,-1.0,-1.0,-1.0,-1.0,-1.0
33.973,33.755,34.12,34.737,34.837,34.981,35.639,35.754,36.105,35.926,36.292,36.165,36.504,37.059,37.348,37.568,37.956,37.931,38.168,39.16,66.137,-1.0,-1.0,-1.0,-1.0,-1.0,-1.0,-1.0,-1.0,-1.0,-1.0,-1.0,-1.0,-1.0,-1.0,-1.0,-1.0,-1.0,-1.0,-1.0
-1.0,-1.0,-1.0,-1.0,-1.0,-1.0,-1.0,-1.0,-1.0,-1.0,-1.0,-1.0,-1.0,-1.0,-1.0,-1.0,-1.0,-1.0,-1.0,-1.0,-1.0,-1.0,-1.0,-1.0,-1.0,-1.0,-1.0,-1.0,-1.0,-1.0,-1.0,-1.0,-1.0,-1.0,-1.0,-1.0,-1.0,-1.0,-1.0,-1.0
-1.0,-1.0,-1.0,-1.0,-1.0,-1.0,-1.0,-1.0,-1.0,-1.0,-1.0,-1.0,-1.0,-1.0,-1.0,-1.0,-1.0,-1.0,-1.0,-1.0,-1.0,-1.0,-1.0,-1.0,-1.0,-1.0,-1.0,-1.0,-1.0,-1.0,-1.0,-1.0,-1.0,-1.0,-1.0,-1.0,-1.0,-1.0,-1.0,-1.0
-1.0,-1.0,-1.0,-1.0,-1.0,-1.0,-1.0,-1.0,-1.0,-1.0,-1.0,-1.0,-1.0,-1.0,-1.0,-1.0,-1.0,-1.0,-1.0,-1.0,-1.0,-1.0,-1.0,-1.0,-1.0,-1.0,-1.0,-1.0,-1.0,-1.0,-1.0,-1.0,-1.0,-1.0,-1.0,-1.0,-1.0,-1.0,-1.0,-1.0
-1.0,-1.0,-1.0,-1.0,-1.0,-1.0,-1.0,-1.0,-1.0,-1.0,-1.0,-1.0,-1.0,-1.0,-1.0,-1.0,-1.0,-1.0,-1.0,-1.0,-1.0,-1.0,-1.0,-1.0,-1.0,-1.0,-1.0,-1.0,-1.0,-1.0,-1.0,-1.0,-1.0,-1.0,-1.0,-1.0,-1.0,-1.0,-1.0,-1.0
-1.0,-1.0,-1.0,-1.0,-1.0,-1.0,-1.0,-1.0,-1.0,-1.0,-1.0,-1.0,-1.0,-1.0,-1.0,-1.0,-1.0,-1.0,-1.0,-1.0,-1.0,-1.0,-1.0,-1.0,-1.0,-1.0,-1.0,-1.0,-1.0,-1.0,-1.0,-1.0,-1.0,-1.0,-1.0,-1.0,-1.0,-1.0,-1.0,-1.0
-1.0,-1.0,-1.0,-1.0,-1.0,-1.0,-1.0,-1.0,-1.0,-1.0,-1.0,-1.0,-1.0,-1.0,-1.0,-1.0,-1.0,-1.0,-1.0,-1.0,-1.0,-1.0,-1.0,-1.0,-1.0,-1.0,-1.0,-1.0,-1.0,-1.0,-1.0,-1.0,-1.0,-1.0,-1.0,-1.0,-1.0,-1.0,-1.0,-1.0
-1.0,-1.0,-1.0,-1.0,-1.0,-1.0,-1.0,-1.0,-1.0,-1.0,-1.0,-1.0,-1.0,-1.0,-1.0,-1.0,-1.0,-1.0,-1.0,-1.0,-1.0,-1.0,-1.0,-1.0,-1.0,-1.0,-1.0,-1.0,-1.0,-1.0,-1.0,-1.0,-1.0,-1.0,-1.0,-1.0,-1.0,-1.0,-1.0,-1.0
-1.0,-1.0,-1.0,-1.0,-1.0,-1.0,-1.0,-1.0,-1.0,-1.0,-1.0,-1.0,-1.0,-1.0,-1.0,-1.0,-1.0,-1.0,-1.0,-1.0,-1.0,-1.0,-1.0,-1.0,-1.0,-1.0,-1.0,-1.0,-1.0,-1.0,-1.0,-1.0,-1.0,-1.0,-1.0,-1.0,-1.0,-1.0,-1.0,-1.0
-1.0,-1.0,-1.0,-1.0,-1.0,-1.0,-1.0,-1.0,-1.0,-1.0,-1.0,-1.0,-1.0,-1.0,-1.0,-1.0,-1.0,-1.0,-1.0,-1.0,-1.0,-1.0,-1.0,-1.0,-1.0,-1.0,-1.0,-1.0,-1.0,-1.0,-1.0,-1.0,-1.0,-1.0,-1.0,-1.0,-1.0,-1.0,-1.0,-1.0
-1.0,-1.0,-1.0,-1.0,-1.0,-1.0,-1.0,-1.0,-1.0,-1.0,-1.0,-1.0,-1.0,-1.0,-1.0,-1.0,-1.0,-1.0,-1.0,-1.0,-1.0,-1.0,-1.0,-1.0,-1.0,-1.0,-1.0,-1.0,-1.0,-1.0,-1.0,-1.0,-1.0,-1.0,-1.0,-1.0,-1.0,-1.0,-1.0,-1.0
-1.0,-1.0,-1.0,-1.0,-1.0,-1.0,-1.0,-1.0,-1.0,-1.0,-1.0,-1.0,-1.0,-1.0,-1.0,-1.0,-1.0,-1.0,-1.0,-1.0,-1.0,-1.0,-1.0,-1.0,-1.0,-1.0,-1.0,-1.0,-1.0,-1.0,-1.0,-1.0,-1.0,-1.0,-1.0,-1.0,-1.0,-1.0,-1.0,-1.0
-1.0,-1.0,-1.0,-1.0,-1.0,-1.0,-1.0,-1.0,-1.0,-1.0,-1.0,-1.0,-1.0,-1.0,-1.0,-1.0,-1.0,-1.0,-1.0,-1.0,-1.0,-1.0,-1.0,-1.0,-1.0,-1.0,-1.0,-1.0,-1.0,-1.0,-1.0,-1.0,-1.0,-1.0,-1.0,-1.0,-1.0,-1.0,-1.0,-1.0
-1.0,-1.0,-1.0,-1.0,-1.0,-1.0,-1.0,-1.0,-1.0,-1.0,-1.0,-1.0,-1.0,-1.0,-1.0,-1.0,-1.0,-1.0,-1.0,-1.0,-1.0,-1.0,-1.0,-1.0,-1.0,-1.0,-1.0,-1.0,-1.0,-1.0,-1.0,-1.0,-1.0,-1.0,-1.0,-1.0,-1.0,-1.0,-1.0,-1.0
-1.0,-1.0,-1.0,-1.0,-1.0,-1.0,-1.0,-1.0,-1.0,-1.0,-1.0,-1.0,-1.0,-1.0,-1.0,-1.0,-1.0,-1.0,-1.0,-1.0,-1.0,-1.0,-1.0,-1.0,-1.0,-1.0,-1.0,-1.0,-1.0,-1.0,-1.0,-1.0,-1.0,-1.0,-1.0,-1.0,-1.0,-1.0,-1.0,-1.0
-1.0,-1.0,-1.0,-1.0,-1.0,-1.0,-1.0,-1.0,-1.0,-1.0,-1.0,-1.0,-1.0,-1.0,-1.0,-1.0,-1.0,-1.0,-1.0,-1.0,-1.0,-1.0,-1.0,-1.0,-1.0,-1.0,-1.0,-1.0,-1.0,-1.0,-1.0,-1.0,-1.0,-1.0,-1.0,-1.0,-1.0,-1.0,-1.0,-1.0
-1.0,-1.0,-1.0,-1.0,-1.0,-1.0,-1.0,-1.0,-1.0,-1.0,-1.0,-1.0,-1.0,-1.0,-1.0,-1.0,-1.0,-1.0,-1.0,-1.0,-1.0,-1.0,-1.0,-1.0,-1.0,-1.0,-1.0,-1.0,-1.0,-1.0,-1.0,-1.0,-1.0,-1.0,-1.0,-1.0,-1.0,-1.0,-1.0,-1.0
-1.0,-1.0,-1.0,-1.0,-1.0,-1.0,-1.0,-1.0,-1.0,-1.0,-1.0,-1.0,-1.0,-1.0,-1.0,-1.0,-1.0,-1.0,-1.0,-1.0,-1.0,-1.0,-1.0,-1.0,-1.0,-1.0,-1.0,-1.0,-1.0,-1.0,-1.0,-1.0,-1.0,-1.0,-1.0,-1.0,-1.0,-1.0,-1.0,-1.0
-1.0,-1.0,-1.0,-1.0,-1.0,-1.0,-1.0,-1.0,-1.0,-1.0,-1.0,-1.0,-1.0,-1.0,-1.0,-1.0,-1.0,-1.0,-1.0,-1.0,-1.0,-1.0,-1.0,-1.0,-1.0,-1.0,-1.0,-1.0,-1.0,-1.0,-1.0,-1.0,-1.0,-1.0,-1.0,-1.0,-1.0,-1.0,-1.0,-1.0
-1.0,-1.0,-1.0,-1.0,-1.0,-1.0,-1.0,-1.0,-1.0,-1.0,-1.0,-1.0,-1.0,-1.0,-1.0,-1.0,-1.0,-1.0,-1.0,-1.0,-1.0,-1.0,-1.0,-1.0,-1.0,-1.0,-1.0,-1.0,-1.0,-1.0,-1.0,-1.0,-1.0,-1.0,-1.0,-1.0,-1.0,-1.0,-1.0,-1.0
-1.0,-1.0,-1.0,-1.0,-1.0,-1.0,-1.0,-1.0,-1.0,-1.0,-1.0,-1.0,-1.0,-1.0,-1.0,-1.0,-1.0,-1.0,-1.0,-1.0,-1.0,-1.0,-1.0,-1.0,-1.0,-1.0,-1.0,-1.0,-1.0,-1.0,-1.0,-1.0,-1.0,-1.0,-1.0,-1.0,-1.0,-1.0,-1.0,-1.0
-1.0,-1.0,-1.0,-1.0,-1.0,-1.0,-1.0,-1.0,-1.0,-1.0,-1.0,-1.0,-1.0,-1.0,-1.0,-1.0,-1.0,-1.0,-1.0,-1.0,-1.0,-1.0,-1.0,-1.0,-1.0,-1.0,-1.0,-1.0,-1.0,-1.0,-1.0,-1.0,-1.0,-1.0,-1.0,-1.0,-1.0,-1.0,-1.0,-1.0
-1.0,-1.0,-1.0,-1.0,-1.0,-1.0,-1.0,-1.0,-1.0,-1.0,-1.0,-1.0,-1.0,-1.0,-1.0,-1.0,-1.0,-1.0,-1.0,-1.0,-1.0,-1.0,-1.0,-1.0,-1.0,-1.0,-1.0,-1.0,-1.0,-1.0,-1.0,-1.0,-1.0,-1.0,-1.0,-1.0,-1.0,-1.0,-1.0,-1.0
-1.0,-1.0,-1.0,-1.0,-1.0,-1.0,-1.0,-1.0,-1.0,-1.0,-1.0,-1.0,-1.0,-1.0,-1.0,-1.0,-1.0,-1.0,-1.0,-1.0,-1.0,-1.0,-1.0,-1.0,-1.0,-1.0,-1.0,-1.0,-1.0,-1.0,-1.0,-1.0,-1.0,-1.0,-1.0,-1.0,-1.0,-1.0,-1.0,-1.0
-1.0,-1.0,-1.0,-1.0,-1.0,-1.0,-1.0,-1.0,-1.0,-1.0,-1.0,-1.0,-1.0,-1.0,-1.0,-1.0,-1.0,-1.0,-1.0,-1.0,-1.0,-1.0,-1.0,-1.0,-1.0,-1.0,-1.0,-1.0,-1.0,-1.0,-1.0,-1.0,-1.0,-1.0,-1.0,-1.0,-1.0,-1.0,-1.0,-1.0
-1.0,-1.0,-1.0,-1.0,-1.0,-1.0,-1.0,-1.0,-1.0,-1.0,-1.0,-1.0,-1.0,-1.0,-1.0,-1.0,-1.0,-1.0,-1.0,-1.0,-1.0,-1.0,-1.0,-1.0,-1.0,-1.0,-1.0,-1.0,-1.0,-1.0,-1.0,-1.0,-1.0,-1.0,-1.0,-1.0,-1.0,-1.0,-1.0,-1.0
-1.0,-1.0,-1.0,-1.0,-1.0,-1.0,-1.0,-1.0,-1.0,-1.0,-1.0,-1.0,-1.0,-1.0,-1.0,-1.0,-1.0,-1.0,-1.0,-1.0,-1.0,-1.0,-1.0,-1.0,-1.0,-1.0,-1.0,-1.0,-1.0,-1.0,-1.0,-1.0,-1.0,-1.0,-1.0,-1.0,-1.0,-1.0,-1.0,-1.0
-1.0,-1.0,-1.0,-1.0,-1.0,-1.0,-1.0,-1.0,-1.0,-1.0,-1.0,-1.0,-1.0,-1.0,-1.0,-1.0,-1.0,-1.0,-1.0,-1.0,-1.0,-1.0,-1.0,-1.0,-1.0,-1.0,-1.0,-1.0,-1.0,-1.0,-1.0,-1.0,-1.0,-1.0,-1.0,-1.0,-1.0,-1.0,-1.0,-1.0
-1.0,-1.0,-1.0,-1.0,-1.0,-1.0,-1.0,-1.0,-1.0,-1.0,-1.0,-1.0,-1.0,-1.0,-1.0,-1.0,-1.0,-1.0,-1.0,-1.0,-1.0,-1.0,-1.0,-1.0,-1.0,-1.0,-1.0,-1.0,-1.0,-1.0,-1.0,-1.0,-1.0,-1.0,-1.0,-1.0,-1.0,-1.0,-1.0,-1.0
-1.0,-1.0,-1.0,-1.0,-1.0,-1.0,-1.0,-1.0,-1.0,-1.0,-1.0,-1.0,-1.0,-1.0,-1.0,-1.0,-1.0,-1.0,-1.0,-1.0,-1.0,-1.0,-1.0,-1.0,-1.0,-1.0,-1.0,-1.0,-1.0,-1.0,-1.0,-1.0,-1.0,-1.0,-1.0,-1.0,-1.0,-1.0,-1.0,-1.0
-1.0,-1.0,-1.0,-1.0,-1.0,-1.0,-1.0,-1.0,-1.0,-1.0,-1.0,-1.0,-1.0,-1.0,-1.0,-1.0,-1.0,-1.0,-1.0,-1.0,-1.0,-1.0,-1.0,-1.0,-1.0,-1.0,-1.0,-1.0,-1.0,-1.0,-1.0,-1.0,-1.0,-1.0,-1.0,-1.0,-1.0,-1.0,-1.0,-1.0
-1.0,-1.0,-1.0,-1.0,-1.0,-1.0,-1.0,-1.0,-1.0,-1.0,-1.0,-1.0,-1.0,-1.0,-1.0,-1.0,-1.0,-1.0,-1.0,-1.0,-1.0,-1.0,-1.0,-1.0,-1.0,-1.0,-1.0,-1.0,-1.0,-1.0,-1.0,-1.0,-1.0,-1.0,-1.0,-1.0,-1.0,-1.0,-1.0,-1.0
-1.0,-1.0,-1.0,-1.0,-1.0,-1.0,-1.0,-1.0,-1.0,-1.0,-1.0,-1.0,-1.0,-1.0,-1.0,-1.0,-1.0,-1.0,-1.0,-1.0,-1.0,-1.0,-1.0,-1.0,-1.0,-1.0,-1.0,-1.0,-1.0,-1.0,-1.0,-1.0,-1.0,-1.0,-1.0,-1.0,-1.0,-1.0,-1.0,-1.0
-1.0,-1.0,-1.0,-1.0,-1.0,-1.0,-1.0,-1.0,-1.0,-1.0,-1.0,-1.0,-1.0,-1.0,-1.0,-1.0,-1.0,-1.0,-1.0,-1.0,-1.0,-1.0,-1.0,-1.0,-1.0,-1.0,-1.0,-1.0,-1.0,-1.0,-1.0,-1.0,-1.0,-1.0,-1.0,-1.0,-1.0,-1.0,-1.0,-1.0
-1.0,-1.0,-1.0,-1.0,-1.0,-1.0,-1.0,-1.0,-1.0,-1.0,-1.0,-1.0,-1.0,-1.0,-1.0,-1.0,-1.0,-1.0,-1.0,-1.0,-1.0,-1.0,-1.0,-1.0,-1.0,-1.0,-1.0,-1.0,-1.0,-1.0,-1.0,-1.0,-1.0,-1.0,-1.0,-1.0,-1.0,-1.0,-1.0,-1.0
-1.0,-1.0,-1.0,-1.0,-1.0,-1.0,-1.0,-1.0,-1.0,-1.0,-1.0,-1.0,-1.0,-1.0,-1.0,-1.0,-1.0,-1.0,-1.0,-1.0,-1.0,-1.0,-1.0,-1.0,-1.0,-1.0,-1.0,-1.0,-1.0,-1.0,-1.0,-1.0,-1.0,-1.0,-1.0,-1.0,-1.0,-1.0,-1.0,-1.0
-1.0,-1.0,-1.0,-1.0,-1.0,-1.0,-1.0,-1.0,-1.0,-1.0,-1.0,-1.0,-1.0,-1.0,-1.0,-1.0,-1.0,-1.0,-1.0,-1.0,-1.0,-1.0,-1.0,-1.0,-1.0,-1.0,-1.0,-1.0,-1.0,-1.0,-1.0,-1.0,-1.0,-1.0,-1.0,-1.0,-1.0,-1.0,-1.0,-1.0
-1.0,-1.0,-1.0,-1.0,-1.0,-1.0,-1.0,-1.0,-1.0,-1.0,-1.0,-1.0,-1.0,-1.0,-1.0,-1.0,-1.0,-1.0,-1.0,-1.0,-1.0,-1.0,-1.0,-1.0,-1.0,-1.0,-1.0,-1.0,-1.0,-1.0,-1.0,-1.0,-1.0,-1.0,-1.0,-1.0,-1.0,-1.0,-1.0,-1.0
-1.0,-1.0,-1.0,-1.0,-1.0,-1.0,-1.0,-1.0,-1.0,-1.0,-1.0,-1.0,-1.0,-1.0,-1.0,-1.0,-1.0,-1.0,-1.0,-1.0,-1.0,-1.0,-1.0,-1.0,-1.0,-1.0,-1.0,-1.0,-1.0,-1.0,-1.0,-1.0,-1.0,-1.0,-1.0,-1.0,-1.0,-1.0,-1.0,-1.0
-1.0,-1.0,-1.0,-1.0,-1.0,-1.0,-1.0,-1.0,-1.0,-1.0,-1.0,-1.0,-1.0,-1.0,-1.0,-1.0,-1.0,-1.0,-1.0,-1.0,-1.0,-1.0,-1.0,-1.0,-1.0,-1.0,-1.0,-1.0,-1.0,-1.0,-1.0,-1.0,-1.0,-1.0,-1.0,-1.0,-1.0,-1.0,-1.0,-1.0
-1.0,-1.0,-1.0,-1.0,-1.0,-1.0,-1.0,-1.0,-1.0,-1.0,-1.0,-1.0,-1.0,-1.0,-1.0,-1.0,-1.0,-1.0,-1.0,-1.0,-1.0,-1.0,-1.0,-1.0,-1.0,-1.0,-1.0,-1.0,-1.0,-1.0,-1.0,-1.0,-1.0,-1.0,-1.0,-1.0,-1.0,-1.0,-1.0,-1.0
-1.0,-1.0,-1.0,-1.0,-1.0,-1.0,-1.0,-1.0,-1.0,-1.0,-1.0,-1.0,-1.0,-1.0,-1.0,-1.0,-1.0,-1.0,-1.0,-1.0,-1.0,-1.0,-1.0,-1.0,-1.0,-1.0,-1.0,-1.0,-1.0,-1.0,-1.0,-1.0,-1.0,-1.0,-1.0,-1.0,-1.0,-1.0,-1.0,-1.0
-1.0,-1.0,-1.0,-1.0,-1.0,-1.0,-1.0,-1.0,-1.0,-1.0,-1.0,-1.0,-1.0,-1.0,-1.0,-1.0,-1.0,-1.0,-1.0,-1.0,-1.0,-1.0,-1.0,-1.0,-1.0,-1.0,-1.0,-1.0,-1.0,-1.0,-1.0,-1.0,-1.0,-1.0,-1.0,-1.0,-1.0,-1.0,-1.0,-1.0
-1.0,-1.0,-1.0,-1.0,-1.0,-1.0,-1.0,-1.0,-1.0,-1.0,-1.0,-1.0,-1.0,-1.0,-1.0,-1.0,-1.0,-1.0,-1.0,-1.0,-1.0,-1.0,-1.0,-1.0,-1.0,-1.0,-1.0,-1.0,-1.0,-1.0,-1.0,-1.0,-1.0,-1.0,-1.0,-1.0,-1.0,-1.0,-1.0,-1.0
-1.0,-1.0,-1.0,-1.0,-1.0,-1.0,-1.0,-1.0,-1.0,-1.0,-1.0,-1.0,-1.0,-1.0,-1.0,-1.0,-1.0,-1.0,-1.0,-1.0,-1.0,-1.0,-1.0,-1.0,-1.0,-1.0,-1.0,-1.0,-1.0,-1.0,-1.0,-1.0,-1.0,-1.0,-1.0,-1.0,-1.0,-1.0,-1.0,-1.0
-1.0,-1.0,-1.0,-1.0,-1.0,-1.0,-1.0,-1.0,-1.0,-1.0,-1.0,-1.0,-1.0,-1.0,-1.0,-1.0,-1.0,-1.0,-1.0,-1.0,-1.0,-1.0,-1.0,-1.0,-1.0,-1.0,-1.0,-1.0,-1.0,-1.0,-1.0,-1.0,-1.0,-1.0,-1.0,-1.0,-1.0,-1.0,-1.0,-1.0
-1.0,-1.0,-1.0,-1.0,-1.0,-1.0,-1.0,-1.0,-1.0,-1.0,-1.0,-1.0,-1.0,-1.0,-1.0,-1.0,-1.0,-1.0,-1.0,-1.0,-1.0,-1.0,-1.0,-1.0,-1.0,-1.0,-1.0,-1.0,-1.0,-1.0,-1.0,-1.0,-1.0,-1.0,-1.0,-1.0,-1.0,-1.0,-1.0,-1.0
-1.0,-1.0,-1.0,-1.0,-1.0,-1.0,-1.0,-1.0,-1.0,-1.0,-1.0,-1.0,-1.0,-1.0,-1.0,-1.0,-1.0,-1.0,-1.0,-1.0,-1.0,-1.0,-1.0,-1.0,-1.0,-1.0,-1.0,-1.0,-1.0,-1.0,-1.0,-1.0,-1.0,-1.0,-1.0,-1.0,-1.0,-1.0,-1.0,-1.0
-1.0,-1.0,-1.0,-1.0,-1.0,-1.0,-1.0,-1.0,-1.0,-1.0,-1.0,-1.0,-1.0,-1.0,-1.0,-1.0,-1.0,-1.0,-1.0,-1.0,-1.0,-1.0,-1.0,-1.0,-1.0,-1.0,-1.0,-1.0,-1.0,-1.0,-1.0,-1.0,-1.0,-1.0,-1.0,-1.0,-1.0,-1.0,-1.0,-1.0
-1.0,-1.0,-1.0,-1.0,-1.0,-1.0,-1.0,-1.0,-1.0,-1.0,-1.0,-1.0,-1.0,-1.0,-1.0,-1.0,-1.0,-1.0,-1.0,-1.0,-1.0,-1.0,-1.0,-1.0,-1.0,-1.0,-1.0,-1.0,-1.0,-1.0,-1.0,-1.0,-1.0,-1.0,-1.0,-1.0,-1.0,-1.0,-1.0,-1.0
-1.0,-1.0,-1.0,-1.0,-1.0,-1.0,-1.0,-1.0,-1.0,-1.0,-1.0,-1.0,-1.0,-1.0,-1.0,-1.0,-1.0,-1.0,-1.0,-1.0,-1.0,-1.0,-1.0,-1.0,-1.0,-1.0,-1.0,-1.0,-1.0,-1.0,-1.0,-1.0,-1.0,-1.0,-1.0,-1.0,-1.0,-1.0,-1.0,-1.0
-1.0,-1.0,-1.0,-1.0,-1.0,-1.0,-1.0,-1.0,-1.0,-1.0,-1.0,-1.0,-1.0,-1.0,-1.0,-1.0,-1.0,-1.0,-1.0,-1.0,-1.0,-1.0,-1.0,-1.0,-1.0,-1.0,-1.0,-1.0,-1.0,-1.0,-1.0,-1.0,-1.0,-1.0,-1.0,-1.0,-1.0,-1.0,-1.0,-1.0
-1.0,-1.0,-1.0,-1.0,-1.0,-1.0,-1.0,-1.0,-1.0,-1.0,-1.0,-1.0,-1.0,-1.0,-1.0,-1.0,-1.0,-1.0,-1.0,-1.0,-1.0,-1.0,-1.0,-1.0,-1.0,-1.0,-1.0,-1.0,-1.0,-1.0,-1.0,-1.0,-1.0,-1.0,-1.0,-1.0,-1.0,-1.0,-1.0,-1.0
-1.0,-1.0,-1.0,-1.0,-1.0,-1.0,-1.0,-1.0,-1.0,-1.0,-1.0,-1.0,-1.0,-1.0,-1.0,-1.0,-1.0,-1.0,-1.0,-1.0,-1.0,-1.0,-1.0,-1.0,-1.0,-1.0,-1.0,-1.0,-1.0,-1.0,-1.0,-1.0,-1.0,-1.0,-1.0,-1.0,-1.0,-1.0,-1.0,-1.0
-1.0,-1.0,-1.0,-1.0,-1.0,-1.0,-1.0,-1.0,-1.0,-1.0,-1.0,-1.0,-1.0,-1.0,-1.0,-1.0,-1.0,-1.0,-1.0,-1.0,-1.0,-1.0,-1.0,-1.0,-1.0,-1.0,-1.0,-1.0,-1.0,-1.0,-1.0,-1.0,-1.0,-1.0,-1.0,-1.0,-1.0,-1.0,-1.0,-1.0
-1.0,-1.0,-1.0,-1.0,-1.0,-1.0,-1.0,-1.0,-1.0,-1.0,-1.0,-1.0,-1.0,-1.0,-1.0,-1.0,-1.0,-1.0,-1.0,-1.0,-1.0,-1.0,-1.0,-1.0,-1.0,-1.0,-1.0,-1.0,-1.0,-1.0,-1.0,-1.0,-1.0,-1.0,-1.0,-1.0,-1.0,-1.0,-1.0,-1.0
-1.0,-1.0,-1.0,-1.0,-1.0,-1.0,-1.0,-1.0,-1.0,-1.0,-1.0,-1.0,-1.0,-1.0,-1.0,-1.0,-1.0,-1.0,-1.0,-1.0,-1.0,-1.0,-1.0,-1.0,-1.0,-1.0,-1.0,-1.0,-1.0,-1.0,-1.0,-1.0,-1.0,-1.0,-1.0,-1.0,-1.0,-1.0,-1.0,-1.0
-1.0,-1.0,-1.0,-1.0,-1.0,-1.0,-1.0,-1.0,-1.0,-1.0,-1.0,-1.0,-1.0,-1.0,-1.0,-1.0,-1.0,-1.0,-1.0,-1.0,-1.0,-1.0,-1.0,-1.0,-1.0,-1.0,-1.0,-1.0,-1.0,-1.0,-1.0,-1.0,-1.0,-1.0,-1.0,-1.0,-1.0,-1.0,-1.0,-1.0
-1.0,-1.0,-1.0,-1.0,-1.0,-1.0,-1.0,-1.0,-1.0,-1.0,-1.0,-1.0,-1.0,-1.0,-1.0,-1.0,-1.0,-1.0,-1.0,-1.0,-1.0,-1.0,-1.0,-1.0,-1.0,-1.0,-1.0,-1.0,-1.0,-1.0,-1.0,-1.0,-1.0,-1.0,-1.0,-1.0,-1.0,-1.0,-1.0,-1.0
-1.0,-1.0,-1.0,-1.0,-1.0,-1.0,-1.0,-1.0,-1.0,-1.0,-1.0,-1.0,-1.0,-1.0,-1.0,-1.0,-1.0,-1.0,-1.0,-1.0,-1.0,-1.0,-1.0,-1.0,-1.0,-1.0,-1.0,-1.0,-1.0,-1.0,-1.0,-1.0,-1.0,-1.0,-1.0,-1.0,-1.0,-1.0,-1.0,-1.0
-1.0,-1.0,-1.0,-1.0,-1.0,-1.0,-1.0,-1.0,-1.0,-1.0,-1.0,-1.0,-1.0,-1.0,-1.0,-1.0,-1.0,-1.0,-1.0,-1.0,-1.0,-1.0,-1.0,-1.0,-1.0,-1.0,-1.0,-1.0,-1.0,-1.0,-1.0,-1.0,-1.0,-1.0,-1.0,-1.0,-1.0,-1.0,-1.0,-1.0
-1.0,-1.0,-1.0,-1.0,-1.0,-1.0,-1.0,-1.0,-1.0,-1.0,-1.0,-1.0,-1.0,-1.0,-1.0,-1.0,-1.0,-1.0,-1.0,-1.0,-1.0,-1.0,-1.0,-1.0,-1.0,-1.0,-1.0,-1.0,-1.0,-1.0,-1.0,-1.0,-1.0,-1.0,-1.0,-1.0,-1.0,-1.0,-1.0,-1.0
-1.0,-1.0,-1.0,-1.0,-1.0,-1.0,-1.0,-1.0,-1.0,-1.0,-1.0,-1.0,-1.0,-1.0,-1.0,-1.0,-1.0,-1.0,-1.0,-1.0,-1.0,-1.0,-1.0,-1.0,-1.0,-1.0,-1.0,-1.0,-1.0,-1.0,-1.0,-1.0,-1.0,-1.0,-1.0,-1.0,-1.0,-1.0,-1.0,-1.0
-1.0,-1.0,-1.0,-1.0,-1.0,-1.0,-1.0,-1.0,-1.0,-1.0,-1.0,-1.0,-1.0,-1.0,-1.0,-1.0,-1.0,-1.0,-1.0,-1.0,-1.0,-1.0,-1.0,-1.0,-1.0,-1.0,-1.0,-1.0,-1.0,-1.0,-1.0,-1.0,-1.0,-1.0,-1.0,-1.0,-1.0,-1.0,-1.0,-1.0
-1.0,-1.0,-1.0,-1.0,-1.0,-1.0,-1.0,-1.0,-1.0,-1.0,-1.0,-1.0,-1.0,-1.0,-1.0,-1.0,-1.0,-1.0,-1.0,-1.0,-1.0,-1.0,-1.0,-1.0,-1.0,-1.0,-1.0,-1.0,-1.0,-1.0,-1.0,-1.0,-1.0,-1.0,-1.0,-1.0,-1.0,-1.0,-1.0,-1.0
-1.0,-1.0,-1.0,-1.0,-1.0,-1.0,-1.0,-1.0,-1.0,-1.0,-1.0,-1.0,-1.0,-1.0,-1.0,-1.0,-1.0,-1.0,-1.0,-1.0,-1.0,-1.0,-1.0,-1.0,-1.0,-1.0,-1.0,-1.0,-1.0,-1.0,-1.0,-1.0,-1.0,-1.0,-1.0,-1.0,-1.0,-1.0,-1.0,-1.0
